Employee Name,Department,Vacation Date
Dana Shelton,IT,2023-01-10
Helen Petersen,HR,2023-01-10
Amy Smith,Finance,2023-01-10
Carmen Thompson,Sales,2023-01-10
Eric Parker,Finance,2023-01-10
Jessica Hill,Operations,2023-01-10
Sarah Middleton,HR,2023-01-10
Ann Holland,Finance,2023-01-10
Jennifer Lewis,Marketing,2023-01-10
Janice Gardner,Finance,2023-01-10
Ashley Martinez,Engineering,2023-01-10
Denise Wood,Engineering,2023-01-10
Teresa Rodriguez,Marketing,2023-01-10
Joseph Larson,Finance,2023-01-10
Regina Brandt,Finance,2023-01-10
Stephen Forbes,IT,2023-01-10
Anthony Miles,Engineering,2023-01-10
Lisa Coleman,HR,2023-01-10
Dr. Linda Collins,Engineering,2023-01-10
Tiffany Willis,Operations,2023-01-10
Jenna Smith,Marketing,2023-01-10
Noah Rush,HR,2023-01-10
Sarah Evans,Finance,2023-01-10
Amy Marshall,Finance,2023-01-10
Jennifer Campbell,Operations,2023-01-10
Joshua Ferrell,Sales,2023-01-10
Alexis Banks,Sales,2023-01-10
Christina Mitchell,IT,2023-01-10
Samuel Lewis,Finance,2023-01-10
Tracy Bates,Sales,2023-01-10
Luke Freeman,Sales,2023-01-10
Anthony Barnett,Finance,2023-01-10
Pamela Knapp,Marketing,2023-01-10
Omar Mann,IT,2023-01-10
Jordan Johnson,Engineering,2023-01-10
Lindsay Davis,Finance,2023-01-10
Donna Allen MD,Operations,2023-01-10
Colin Smith,IT,2023-01-10
Michael Gonzalez,IT,2023-01-10
James Sheppard,Marketing,2023-01-10
Matthew Cook,Operations,2023-01-10
Kyle Hodge,Engineering,2023-01-10
Adam Rodriguez,Sales,2023-01-10
Shane Moses,Marketing,2023-01-10
Christina Simmons,IT,2023-01-10
Larry Rodriguez,Sales,2023-01-10
James Gordon,Finance,2023-01-10
Mark Dunn,Marketing,2023-01-10
Cesar Johnson,Engineering,2023-01-10
Alexander Arias,Engineering,2023-01-10
Patrick Orozco,Sales,2023-01-10
Albert Martinez,Sales,2023-01-10
Jason Burton,Marketing,2023-01-10
Debra Cunningham,Marketing,2023-01-10
James Espinoza,Engineering,2023-01-10
Erika Foster,Engineering,2023-01-10
Mandy Haas,Marketing,2023-01-10
Paul Freeman,Engineering,2023-01-10
James Morris,Finance,2023-01-10
Ryan Johnson,Sales,2023-01-10
Teresa Strong,Finance,2023-01-10
Meredith Miller,IT,2023-01-10
Scott Cook,Sales,2023-01-10
Russell Torres,Engineering,2023-01-10
Brandon Flores,Finance,2023-01-10
Timothy Rios,Engineering,2023-01-10
Paul Watts,Marketing,2023-01-10
Colleen Mitchell,Marketing,2023-01-10
Kevin Carroll,IT,2023-01-10
Emily Jennings,Marketing,2023-01-10
Courtney Jackson,Finance,2023-01-10
Catherine Rodgers,IT,2023-01-10
Cory Atkinson,Finance,2023-01-10
Joshua Bruce DVM,IT,2023-01-10
Robert Carpenter,Finance,2023-01-10
Daryl Wright,Sales,2023-01-10
John Velez,Finance,2023-01-10
Gregory Lee,Finance,2023-01-10
Morgan Spence,Marketing,2023-01-10
Mary Wright,Finance,2023-01-10
Sarah Fitzgerald,Operations,2023-01-10
Amanda Washington,Sales,2023-01-10
Jonathan Le Jr.,Operations,2023-01-10
Rebecca Davis,Engineering,2023-01-10
Andrew Lozano,Marketing,2023-01-10
Dorothy Burnett,Marketing,2023-01-10
Mary Mccarthy,Marketing,2023-01-10
Michele Mayo,Finance,2023-01-10
Melissa Richards,Marketing,2023-01-10
Christopher Goodwin,Operations,2023-01-10
Roger Simpson,Engineering,2023-01-10
Stephen Mason,IT,2023-01-10
Laura Cox,IT,2023-01-10
Robin Mullins,Operations,2023-01-10
Amanda Hess,Sales,2023-01-10
Regina Horn,Engineering,2023-01-10
Lauren Rodriguez,Operations,2023-01-10
Gregory Ellis,Engineering,2023-01-10
David Burns,Marketing,2023-01-10
Shannon Martinez,Operations,2023-01-10
Mark Woodard,Marketing,2023-01-10
Hector Long,Operations,2023-01-10
Dr. Michelle Gilbert DDS,Engineering,2023-01-10
Peter Marsh,HR,2023-01-10
Thomas Williams,Marketing,2023-01-10
James Young,Marketing,2023-01-10
Brian Lopez,Finance,2023-01-10
Katherine Johnson,IT,2023-01-10
Anthony Tucker,Sales,2023-01-10
Arthur Gonzalez,Marketing,2023-01-10
Cindy Hendricks,IT,2023-01-10
Jared Knapp,Sales,2023-01-10
Richard Davis,Marketing,2023-01-10
Allen Johnson,HR,2023-01-10
Michael Johnson,Sales,2023-01-10
Jeffrey Ortiz,Marketing,2023-01-10
Mitchell Greene,Engineering,2023-01-10
Matthew Heath,IT,2023-01-10
Andrea Lambert,Sales,2023-01-10
Gloria Lindsey,Finance,2023-01-10
David Rodriguez,HR,2023-01-10
Anthony Higgins,IT,2023-01-10
Gabriel Foster,IT,2023-01-10
Kelly Santiago,Engineering,2023-01-10
Robin Campbell,Marketing,2023-01-10
Timothy Sims,Engineering,2023-01-10
Brandi Edwards,HR,2023-01-10
Kathleen Anderson,Engineering,2023-01-10
Dawn Garcia,Sales,2023-01-10
Ryan Roy,Finance,2023-01-10
Carla Mann,Finance,2023-01-10
Julie Cowan,Sales,2023-01-10
Justin Walker,Marketing,2023-01-10
David Browning,Sales,2023-01-10
Isaiah Harrington,Sales,2023-01-10
Aaron Baxter,Marketing,2023-01-10
James Curry,Sales,2023-01-10
John Burns,Operations,2023-01-10
John Pittman,Marketing,2023-01-10
Antonio Livingston,HR,2023-01-10
Brent Rivera,Engineering,2023-01-10
Wendy Rodriguez,HR,2023-01-10
Ray Ruiz,HR,2023-01-10
Amanda Lawson,Engineering,2023-01-10
Kristin Mcbride PhD,Marketing,2023-01-10
Joseph Ayers,Engineering,2023-01-10
Ashley Jones,Finance,2023-01-10
David Carter,Finance,2023-01-10
Samuel Smith,Sales,2023-01-10
Dale Davis,Sales,2023-01-10
Christopher Baker,Engineering,2023-01-10
Ryan Turner,Marketing,2023-01-10
April Baker,IT,2023-01-10
Sean Mann,Engineering,2023-01-10
Tracy Mclaughlin,Sales,2023-01-10
Margaret Dunn,Marketing,2023-01-10
Michael Stafford,HR,2023-01-10
Maria White,Engineering,2023-01-10
Nicholas Johnson,Finance,2023-01-10
Jeremiah Buck,Operations,2023-01-10
Andrew Owens,Engineering,2023-01-10
Jay Martinez,Engineering,2023-01-10
Eric Holland,IT,2023-01-10
Mr. Timothy Rocha,Finance,2023-01-10
John Santos,Operations,2023-01-10
Peggy Simpson DDS,Sales,2023-01-10
David Peterson,Finance,2023-01-10
Matthew Yates,IT,2023-01-10
Elizabeth Diaz,HR,2023-01-10
Vicki Rogers,Operations,2023-01-10
Karl Spencer,Operations,2023-01-10
Caitlin Fisher,Sales,2023-01-10
James Stephens,Sales,2023-01-10
Brandon Hicks,Finance,2023-01-10
Michael Meadows,IT,2023-01-10
Jane Thomas,Sales,2023-01-10
Elaine Dean,IT,2023-01-10
William Brown,HR,2023-01-10
Christina Smith MD,IT,2023-01-10
Daniel Garcia,Engineering,2023-01-10
Darren Sullivan,Engineering,2023-01-10
Melissa Phillips,HR,2023-01-10
Andrew Rivas,Engineering,2023-01-10
Michelle Shaw,HR,2023-01-10
Elizabeth Johnson,IT,2023-01-10
Parker Solomon,IT,2023-01-10
Kristi Young,Engineering,2023-01-10
Roger Olson,Finance,2023-01-10
Daniel Roberson,Engineering,2023-01-10
Michael Alexander,Finance,2023-01-10
Stephanie Jones,IT,2023-01-10
Andrew Morales,Sales,2023-01-10
Billy Clarke,Finance,2023-01-10
Dakota Gibson,IT,2023-01-10
Ian Brown,Marketing,2023-01-10
Ronald Reynolds,Sales,2023-01-10
Alexander Dixon,Sales,2023-01-10
Laura Walker,Sales,2023-01-10
Dylan Hoffman,HR,2023-01-10
Adam Rose,Sales,2023-01-10
Andrew Higgins,Marketing,2023-01-10
Don Jones,Marketing,2023-01-10
Katrina Davis,Operations,2023-01-10
Alison Reyes,HR,2023-01-10
Dalton Davis,HR,2023-01-10
Kevin Rice,IT,2023-01-10
Jonathan Bruce,IT,2023-01-10
David Jones,Sales,2023-01-10
Sandra Noble,Operations,2023-01-10
Drew Burton,Operations,2023-01-10
Ashley James,Operations,2023-01-10
Thomas Hinton,Operations,2023-01-10
Linda Bray,Operations,2023-01-10
Daniel Williamson,HR,2023-01-10
Raymond Evans,IT,2023-01-10
Renee Caldwell,Sales,2023-01-10
Trevor Jones,Operations,2023-01-10
Sara Gonzales,Sales,2023-01-10
Amanda House,Finance,2023-01-10
Mary Lang,IT,2023-01-10
Ronald Black Jr.,HR,2023-01-10
Pamela Schneider,Sales,2023-01-10
Danielle Thomas,Sales,2023-01-10
Joshua Murphy,Engineering,2023-01-10
Calvin Simpson,Finance,2023-01-10
Brenda Espinoza,IT,2023-01-10
Sean Chapman,Engineering,2023-01-10
Gregory Payne,HR,2023-01-10
Alexandra Kim,IT,2023-01-10
Tyler Ball,Sales,2023-01-10
Timothy Smith,Sales,2023-01-10
Kevin Dougherty,Marketing,2023-01-10
Julie Schultz,Marketing,2023-01-10
Christina Chavez,Marketing,2023-01-10
Andrea Warner,IT,2023-01-10
Elijah Ferguson,Marketing,2023-01-10
Victoria Parsons,Engineering,2023-01-10
Amber Mitchell,Finance,2023-01-10
Justin Williams,Operations,2023-01-10
Mark Vargas,Marketing,2023-01-10
Christina Davis,Engineering,2023-01-10
Mark Burton,Engineering,2023-01-10
Kendra Hooper,Sales,2023-01-10
Robert Sullivan,HR,2023-01-10
Dustin Patterson,Engineering,2023-01-11
Carrie Mason PhD,Engineering,2023-01-11
Daniel Callahan,Operations,2023-01-11
Jeremy Livingston,Operations,2023-01-11
Destiny Perez,Operations,2023-01-11
Juan Rollins,IT,2023-01-11
Caleb Allen,Engineering,2023-01-11
Tammy Dunn,HR,2023-01-11
Courtney Rodriguez,Marketing,2023-01-11
Kirk Johnson,Marketing,2023-01-11
Kimberly Thompson,Engineering,2023-01-11
Heather Brooks,Sales,2023-01-11
Ross Bennett,Operations,2023-01-11
Katelyn Watkins,Engineering,2023-01-11
Justin Gutierrez,HR,2023-01-11
Sheila Perez,Finance,2023-01-11
Megan Murphy,Engineering,2023-01-11
William Travis DVM,Finance,2023-01-11
Lori Warner,Engineering,2023-01-11
Katelyn Williams,Engineering,2023-01-11
Janet Bell,Operations,2023-01-11
Kyle Compton,Engineering,2023-01-11
Margaret Murphy,Sales,2023-01-11
Molly Cain,Operations,2023-01-11
Calvin Ellis DDS,IT,2023-01-11
Travis Holmes,Finance,2023-01-11
Candace Smith,Operations,2023-01-11
Mark Wade,Marketing,2023-01-11
Allison Thomas MD,Operations,2023-01-11
Emily Green,Finance,2023-01-11
Daniel Davis,IT,2023-01-11
Tracy Morris,Finance,2023-01-11
Timothy Torres,Operations,2023-01-11
James Schmidt,Sales,2023-01-11
Martha Palmer,Finance,2023-01-11
Collin Flores,HR,2023-01-11
Kenneth Hernandez,Operations,2023-01-11
Vanessa Tran,Engineering,2023-01-11
Matthew Garcia,Finance,2023-01-11
Angela Perkins,IT,2023-01-11
Anthony Blake,HR,2023-01-11
Susan Gutierrez,Operations,2023-01-11
Christopher Jenkins,IT,2023-01-11
Harold Hill,IT,2023-01-11
Linda King,HR,2023-01-11
Charles Clarke,Sales,2023-01-11
William Brown,Finance,2023-01-11
James Yang,IT,2023-01-11
Bill Horton,Finance,2023-01-11
David Miller,Engineering,2023-01-11
Jesse Dunlap,Sales,2023-01-11
Christie Davis MD,IT,2023-01-11
Benjamin Padilla,Operations,2023-01-11
Harry Lewis,Engineering,2023-01-11
Sean Walsh,Operations,2023-01-11
David Cross,Operations,2023-01-11
Gerald Williams,HR,2023-01-11
Richard Ross,Sales,2023-01-11
Kelly Tucker,Finance,2023-01-11
Christopher Ware,Operations,2023-01-11
Jennifer Andrade,Sales,2023-01-11
Joshua Nichols,IT,2023-01-11
Terry Farmer,Engineering,2023-01-11
Dr. Nicole Riley,Sales,2023-01-11
Christopher Marshall,Operations,2023-01-11
Mitchell Ramirez,IT,2023-01-11
Daniel Krueger,Finance,2023-01-11
Elizabeth Haynes MD,HR,2023-01-11
Mr. Dylan Serrano,Sales,2023-01-11
Valerie Miles,Finance,2023-01-11
Maria Saunders,Engineering,2023-01-11
Douglas Delacruz,Sales,2023-01-11
Gina Yang,IT,2023-01-11
Shawn Cantu,Engineering,2023-01-11
Leslie Mason,Operations,2023-01-11
Luke Smith,Engineering,2023-01-11
Angelica Gould,Finance,2023-01-11
Jennifer Walsh,Marketing,2023-01-11
Joseph Walker,Marketing,2023-01-11
Kendra Barron,Finance,2023-01-11
Scott Jones,IT,2023-01-11
Kimberly Johnson,Operations,2023-01-11
Thomas Harrington,Finance,2023-01-11
Aaron Davis,HR,2023-01-11
Rita Arnold MD,Engineering,2023-01-11
Sara Stanton,Sales,2023-01-11
Andrew Barber,Operations,2023-01-11
Anthony Howard,IT,2023-01-11
Amber Walker,Sales,2023-01-11
Jeffrey Lee,Sales,2023-01-11
Allison Harris,Operations,2023-01-11
Jeffrey Clark,HR,2023-01-11
Lisa Macias,Sales,2023-01-11
Sherry Jones,Marketing,2023-01-11
Marcus Watson,Engineering,2023-01-11
Kimberly Mejia,IT,2023-01-11
Maria Rogers,Finance,2023-01-11
Robert Bass,Engineering,2023-01-11
Karen Short,Operations,2023-01-11
Henry Jacobs,Marketing,2023-01-11
David Davis,Sales,2023-01-11
Christy Williams,Engineering,2023-01-11
Kaitlyn King,IT,2023-01-11
Laurie Nguyen,Marketing,2023-01-11
Julia Garcia,Sales,2023-01-11
Amanda Green,IT,2023-01-11
Cole Malone,Operations,2023-01-11
Cassie Jones,Sales,2023-01-11
John Porter,Engineering,2023-01-11
Barbara Foster,HR,2023-01-11
Christina Thomas,Operations,2023-01-11
Randall Larson,Finance,2023-01-11
Renee Lane,IT,2023-01-11
Trevor Williams,Marketing,2023-01-11
Amber Morris,Sales,2023-01-11
Erin Johnson,Marketing,2023-01-11
Debbie Pugh,HR,2023-01-11
Jerry Flores,Operations,2023-01-11
Karen Davis,IT,2023-01-11
Zachary Booker,HR,2023-01-11
Jennifer Flores,Engineering,2023-01-11
Jodi Johns,Finance,2023-01-11
Andrew Jackson,Engineering,2023-01-11
Dr. Joseph Carter,Marketing,2023-01-11
Candice Rodriguez,Engineering,2023-01-11
Michelle Combs,Finance,2023-01-11
Amber Bishop,Sales,2023-01-11
Alyssa Gutierrez MD,Finance,2023-01-11
Colleen Cox,Marketing,2023-01-11
Joseph Barnes,HR,2023-01-11
Caroline Brandt,IT,2023-01-11
Richard Thompson,Marketing,2023-01-11
Erica Jackson,Engineering,2023-01-11
Frances Smith,IT,2023-01-11
Victor Perez,Marketing,2023-01-11
Robert Coleman,Engineering,2023-01-11
Joseph Frye,IT,2023-01-11
Kyle Soto,Sales,2023-01-11
Kendra Miller,Marketing,2023-01-11
Michael Brown,Finance,2023-01-11
Brianna Robinson,Finance,2023-01-11
Mercedes Fowler,Engineering,2023-01-11
Daniel Bowers,Engineering,2023-01-11
Sharon Anderson,Operations,2023-01-11
Gabriel Johnson,Sales,2023-01-11
Deborah Lee,Marketing,2023-01-11
Penny Abbott,Marketing,2023-01-11
Christine Harrison,HR,2023-01-11
Connie Kennedy,Operations,2023-01-11
Denise Rivera,Sales,2023-01-11
Derek Hammond,Finance,2023-01-11
Natalie Oconnell,HR,2023-01-11
Brian Leonard,IT,2023-01-11
Nicole Williams,Sales,2023-01-11
Mitchell Holland,HR,2023-01-11
Frank Zuniga,Marketing,2023-01-11
Angela Jimenez,Finance,2023-01-11
Allen Castro,Finance,2023-01-11
Michael Stephens,Operations,2023-01-11
David Lewis,Operations,2023-01-11
David Estrada,Finance,2023-01-11
Kimberly Cooper,HR,2023-01-11
Krystal Smith,Engineering,2023-01-11
Rodney Harrison,HR,2023-01-11
Justin Carter,HR,2023-01-11
Heather Hunter,Engineering,2023-01-11
Adrienne Cook,Operations,2023-01-11
Jessica Singh,Marketing,2023-01-11
Gary Lee,HR,2023-01-11
Mary Miller,Operations,2023-01-11
Tiffany Freeman,Sales,2023-01-11
Scott Young,Operations,2023-01-11
Peter Calhoun,Engineering,2023-01-11
Andrew Sampson,Engineering,2023-01-11
Ruth Reyes,Sales,2023-01-11
Maria Perkins,Finance,2023-01-11
Jeffrey Wilson,Finance,2023-01-11
Mr. William Thomas Jr.,Operations,2023-01-11
Stephanie Miranda,IT,2023-01-11
Alexis Reyes,Operations,2023-01-11
Jeremy Cochran,Finance,2023-01-11
Denise Knox,HR,2023-01-11
Ashley Cruz,Operations,2023-01-11
Dylan Castillo,Sales,2023-01-11
Michael Valencia,Marketing,2023-01-11
Stephen Lindsey,Engineering,2023-01-11
Patrick Rodriguez,Operations,2023-01-11
Michael Henderson,Engineering,2023-01-11
Danielle Sullivan,Finance,2023-01-11
Mark Larson,Sales,2023-01-11
Joseph Ryan,Finance,2023-01-11
Jessica Freeman,Sales,2023-01-11
Allison Sanders,Operations,2023-01-11
Virginia Huber,Marketing,2023-01-11
Krystal Kidd,Engineering,2023-01-11
Veronica Barnett,Finance,2023-01-11
Dawn Miller,Sales,2023-01-11
Brittney Nichols,Sales,2023-01-11
Jessica Lowe,IT,2023-01-11
Angela Bolton,Operations,2023-01-11
Ashley Skinner,Marketing,2023-01-11
Tammie Thompson,IT,2023-01-11
Hannah Sullivan,Engineering,2023-01-11
Wendy Nash,Engineering,2023-01-11
Brittany Marsh,Engineering,2023-01-11
Sean Shaw,IT,2023-01-11
Christina Moss,HR,2023-01-11
Kayla White,Marketing,2023-01-11
Kenneth Rodriguez,Sales,2023-01-11
Jennifer Byrd,HR,2023-01-11
Michelle Cantu,Operations,2023-01-11
Juan Mclaughlin,Engineering,2023-01-11
Mr. Jason Conner MD,Marketing,2023-01-11
Molly Young,Sales,2023-01-11
Mr. Bryan Small,Sales,2023-01-11
Derek English,IT,2023-01-11
Mark Ray,Finance,2023-01-11
Eric Hoffman,HR,2023-01-11
Justin Smith,Finance,2023-01-11
Mary Mccullough,Operations,2023-01-11
Cody Jones,Sales,2023-01-11
Alyssa Wright,IT,2023-01-11
Douglas Quinn,Marketing,2023-01-11
Russell Garcia,Operations,2023-01-11
Michelle Kelley,Engineering,2023-01-11
Timothy Clark,Marketing,2023-01-11
Rachel Williams,Marketing,2023-01-11
Jennifer Salinas,Marketing,2023-01-11
Peter Pope,Engineering,2023-01-11
Robin Lewis,Engineering,2023-01-11
Rebecca Campbell,Marketing,2023-01-11
Erin Fuller,HR,2023-01-11
Robert Garcia,HR,2023-01-11
Thomas Johnson,Operations,2023-01-11
Julia Stewart,Finance,2023-01-11
Michele Gilbert,Finance,2023-01-11
Robin Rosario,Finance,2023-01-11
Melinda Caldwell,Marketing,2023-01-11
Daniel Dunn,IT,2023-01-11
Jeremy Wilson,IT,2023-01-11
Barbara Mccarthy,HR,2023-01-11
Jennifer Estrada,Operations,2023-01-11
Alan Brown,HR,2023-01-11
Jennifer Ramirez,Engineering,2023-01-11
John Mcmillan,Engineering,2023-01-11
William Lin,Engineering,2023-01-11
Stacie Ramos,HR,2023-01-11
Stephen Davis,HR,2023-01-11
Patricia Young,IT,2023-01-11
Annette Hill,Sales,2023-01-11
Aaron Dunn,Sales,2023-01-11
Walter Ward,Engineering,2023-01-11
Katelyn Mcdowell,IT,2023-01-11
Erin Thornton,Finance,2023-01-11
Samantha Murphy,Engineering,2023-01-11
Kathryn Lopez,Finance,2023-01-11
Joshua Davis,Operations,2023-01-11
Traci Hill,HR,2023-01-11
Jessica Wiggins,IT,2023-01-11
Joe Nelson,Marketing,2023-01-11
Lisa Frost,IT,2023-01-11
Lisa Morgan,Engineering,2023-01-11
Sara Smith,IT,2023-01-11
Lauren Moody,IT,2023-01-12
Rebecca Kline,Operations,2023-01-12
Mary Young,Finance,2023-01-12
Scott Rose,Sales,2023-01-12
Robert Holland,HR,2023-01-12
Kenneth Johns,HR,2023-01-12
Steven Short,Marketing,2023-01-12
Sara Chung,HR,2023-01-12
Mr. Christopher Miller,Operations,2023-01-12
Ronald Scott,Marketing,2023-01-12
Caitlin Maldonado,Marketing,2023-01-12
Jacqueline Jenkins,Finance,2023-01-12
Sally Davis,IT,2023-01-12
Jennifer Anderson,Sales,2023-01-12
Sarah Odonnell,IT,2023-01-12
Troy Sims,Marketing,2023-01-12
Christopher Schmidt,HR,2023-01-12
Randy Malone,Engineering,2023-01-12
Brian Lopez,Marketing,2023-01-12
Seth Armstrong,Marketing,2023-01-12
Lawrence Blair,Engineering,2023-01-12
David Robinson,IT,2023-01-12
Sierra Schwartz,Sales,2023-01-12
Robert Mccormick,IT,2023-01-12
Jonathan Alvarado,IT,2023-01-12
Stephanie Parker,Engineering,2023-01-12
Robert Logan,HR,2023-01-12
Heather Hood,Sales,2023-01-12
Christopher Kim,Marketing,2023-01-12
Jennifer Burke,HR,2023-01-12
Alexandra Kennedy,Finance,2023-01-12
Brandi Evans,HR,2023-01-12
Michael Shaw,Engineering,2023-01-12
Linda Davis,HR,2023-01-12
Edward Diaz,IT,2023-01-12
Lisa Marshall,Marketing,2023-01-12
Adam Donaldson,Finance,2023-01-12
Natasha Fritz,IT,2023-01-12
William Gomez,Finance,2023-01-12
Randy Haney,Operations,2023-01-12
Sandra Salazar,Operations,2023-01-12
Marvin Melendez,Marketing,2023-01-12
Mr. Gregory Gardner,IT,2023-01-12
Erik Bell,Engineering,2023-01-12
Sean Waters,HR,2023-01-12
Sylvia Austin,Finance,2023-01-12
Brandon Watson,IT,2023-01-12
Stephanie Mora,Engineering,2023-01-12
Jacqueline Butler,Sales,2023-01-12
Jerry Dunn,Finance,2023-01-12
Robert Stewart,IT,2023-01-12
Katherine Jones,Finance,2023-01-12
Gregory Conway,Operations,2023-01-12
Chelsea Lara,Sales,2023-01-12
Justin Yang,Sales,2023-01-12
Isaiah Carroll,Marketing,2023-01-12
Taylor Owen,Operations,2023-01-12
Tara Mcclure,Finance,2023-01-12
Patricia Vaughn PhD,Marketing,2023-01-12
Nancy Butler,HR,2023-01-12
Andrea West,Operations,2023-01-12
Katie Thomas,Sales,2023-01-12
Taylor Callahan,Sales,2023-01-12
Sierra Carpenter,Engineering,2023-01-12
Monique Alvarado,Marketing,2023-01-12
Joseph Smith,HR,2023-01-12
Tonya Kelly,IT,2023-01-12
Denise Brown,Sales,2023-01-12
Eddie Ortiz,Finance,2023-01-12
Christopher Strong,Operations,2023-01-12
Briana Pittman,Operations,2023-01-12
Austin Duran,Engineering,2023-01-12
Kent Mills,Operations,2023-01-12
Sarah Torres,Finance,2023-01-12
John Cross,Operations,2023-01-12
Brooke Nelson,Engineering,2023-01-12
Juan Thompson,Finance,2023-01-12
Keith Brady,Sales,2023-01-12
Justin Vargas,IT,2023-01-12
Kimberly Davis,Sales,2023-01-12
Samuel Mack,Engineering,2023-01-12
Kelly Cox,Engineering,2023-01-12
Anita Kelly,Marketing,2023-01-12
Ricky Andrade,Finance,2023-01-12
Jo Bryant,Sales,2023-01-12
Louis Newton,Marketing,2023-01-12
Barbara Russell,Finance,2023-01-12
Jermaine Harrell,IT,2023-01-12
George Harrison,IT,2023-01-12
Joseph Smith,Finance,2023-01-12
Tina Rios,IT,2023-01-12
Tina Andrade,Sales,2023-01-12
Kyle Lopez,Engineering,2023-01-12
Edwin Velazquez,Finance,2023-01-12
William Romero,IT,2023-01-12
Felicia Roberts,Sales,2023-01-12
Amanda Lopez,Engineering,2023-01-12
Jose Arnold,Operations,2023-01-12
Jacob Oliver,HR,2023-01-12
Katherine Richardson,Sales,2023-01-12
Brian Cole,Finance,2023-01-12
Rachael Burke,Finance,2023-01-12
Cesar Garner,Engineering,2023-01-12
Clifford Jones,Engineering,2023-01-12
Krystal Campbell,Finance,2023-01-12
Stephen Yang,Engineering,2023-01-12
Sylvia Buck,Finance,2023-01-12
Kyle Ibarra,Sales,2023-01-12
Samuel Garcia,Marketing,2023-01-12
Richard Roman,IT,2023-01-12
Shannon Collier,Operations,2023-01-12
Andre Kirk,Operations,2023-01-12
Victoria Lopez,Sales,2023-01-12
Michael Evans,Engineering,2023-01-12
Raven White,Marketing,2023-01-12
Anthony Downs,HR,2023-01-12
Mrs. Rhonda Todd DDS,HR,2023-01-12
Cheryl Rodriguez,HR,2023-01-12
Melissa Hammond,Finance,2023-01-12
Patricia Thomas,HR,2023-01-12
James Mann,Engineering,2023-01-12
Vanessa Mack,Finance,2023-01-12
Jennifer George,HR,2023-01-12
Sheila Kramer,IT,2023-01-12
Adam Chang,Operations,2023-01-12
Courtney Lester,Marketing,2023-01-12
Katherine Mullins,Finance,2023-01-12
Cameron Watkins,Finance,2023-01-12
Christopher Hill,Finance,2023-01-12
Bryan Solomon,IT,2023-01-12
Edward Williams,Sales,2023-01-12
Kenneth Johnson,Sales,2023-01-12
Matthew Jones,Marketing,2023-01-12
Christopher Schultz,Marketing,2023-01-12
Lori Anderson,Marketing,2023-01-12
Robert Mckee,Finance,2023-01-12
Anthony Rogers,Marketing,2023-01-12
Amber Bowman,Sales,2023-01-12
Kristen Hernandez,HR,2023-01-12
Shelia Middleton,Engineering,2023-01-12
Carol Watkins,Marketing,2023-01-12
Christopher Price,Operations,2023-01-12
Michael Townsend,Finance,2023-01-12
Jason Butler,IT,2023-01-12
Richard Walker,Marketing,2023-01-12
John Hill,Sales,2023-01-12
Kelly Keith DVM,HR,2023-01-12
Richard Garcia,Sales,2023-01-12
Sabrina George,HR,2023-01-12
Alyssa Novak,Finance,2023-01-12
Adam Walton,Engineering,2023-01-12
Courtney Keller,Marketing,2023-01-12
Gregory Cook,Marketing,2023-01-12
Jonathan Martinez,Finance,2023-01-12
Curtis Arias,Marketing,2023-01-12
John Thompson,Sales,2023-01-12
Christopher Medina,Marketing,2023-01-12
Jerome Orr,Finance,2023-01-12
Nathaniel Williams,Finance,2023-01-12
Lori Smith,Operations,2023-01-12
Beth Holden,IT,2023-01-12
Victor Johnson,Sales,2023-01-12
Michael Page,Operations,2023-01-12
Michael Pierce,Finance,2023-01-12
Mrs. Kimberly Rose DVM,Finance,2023-01-12
Monique Spencer,Finance,2023-01-12
Christopher Williams,IT,2023-01-12
Martin Harris,IT,2023-01-12
Nancy Johnson,Marketing,2023-01-12
Hayley Santos,IT,2023-01-12
William Briggs,IT,2023-01-12
Angela Brooks,Operations,2023-01-12
Andrew Davis,Finance,2023-01-12
Alexis Cochran,Finance,2023-01-12
Wanda Garcia,Sales,2023-01-12
Abigail Wiley,Finance,2023-01-12
Margaret Melton,Sales,2023-01-12
Clifford Hernandez,Finance,2023-01-12
David Howard,Operations,2023-01-12
Dan Ellis,Operations,2023-01-12
Frank Spencer,HR,2023-01-12
Bradley Ho,IT,2023-01-12
Todd Wilson,Engineering,2023-01-12
Kevin Lee,Sales,2023-01-12
Sherry Harper,Marketing,2023-01-12
Jodi Carroll,Engineering,2023-01-12
Nancy Pena,Marketing,2023-01-12
Sierra Wilson,Operations,2023-01-12
Pamela Adams,IT,2023-01-12
Michael Cook,Operations,2023-01-12
Michael Torres,Marketing,2023-01-12
Mitchell Santos,HR,2023-01-12
Karen Terry,Engineering,2023-01-12
Rebecca Berry,HR,2023-01-12
Wendy Fisher,IT,2023-01-12
Harry Cook,Finance,2023-01-12
Heather Ramos,IT,2023-01-12
Angela Jones,IT,2023-01-12
Terri George,HR,2023-01-12
Steven Curtis,HR,2023-01-12
Matthew Bean,HR,2023-01-12
Amy Smith,Operations,2023-01-12
Mackenzie Bonilla,Marketing,2023-01-12
Jenna Burton,HR,2023-01-12
Patricia Lucas,Finance,2023-01-12
Frank Weaver,Finance,2023-01-12
Jeremy Sheppard,Sales,2023-01-12
Tiffany Chavez,Operations,2023-01-12
Tracy Thomas,Sales,2023-01-12
Jessica Moore,Engineering,2023-01-12
Kenneth Fields,Operations,2023-01-12
Scott Cabrera,Operations,2023-01-12
Michele Pierce,Marketing,2023-01-12
Maria Mora,Finance,2023-01-12
Nicholas Rivers,Operations,2023-01-12
Terry Lee,HR,2023-01-12
David Morris,Engineering,2023-01-12
Matthew Downs,Operations,2023-01-12
Dana Sandoval,Operations,2023-01-12
Mario Mills,Engineering,2023-01-12
Eric Gomez,Finance,2023-01-12
Catherine Thornton,Marketing,2023-01-12
Sara Wilson,HR,2023-01-12
Amber Stewart,Finance,2023-01-12
Cathy Murphy,Marketing,2023-01-12
Collin Williamson,Operations,2023-01-12
Dr. Jessica Campbell,Finance,2023-01-12
Steven Garcia,Marketing,2023-01-12
Stephanie Todd,Finance,2023-01-12
Scott Calderon,Finance,2023-01-12
Tina Cervantes,Sales,2023-01-12
Cole Ward,Operations,2023-01-12
Julie Johnson,Operations,2023-01-13
Patricia Pena,Marketing,2023-01-13
Mrs. Brenda Chavez DVM,Marketing,2023-01-13
Linda Sanchez,IT,2023-01-13
Christian Morgan,IT,2023-01-13
Gary Blair Jr.,Engineering,2023-01-13
Nicholas Hall,Sales,2023-01-13
Jeffery Cohen,IT,2023-01-13
Kelly Hernandez,HR,2023-01-13
Hannah Proctor,IT,2023-01-13
Scott Ellis,IT,2023-01-13
Lisa Stewart,Sales,2023-01-13
Sarah King,Operations,2023-01-13
Joshua Dominguez,Operations,2023-01-13
Brittany Roman,Marketing,2023-01-13
Rachel Wright,HR,2023-01-13
Jennifer Brown,Sales,2023-01-13
Jennifer Bowman,Finance,2023-01-13
Crystal Smith,Operations,2023-01-13
Rebecca Medina,Finance,2023-01-13
Brenda Johnson,Marketing,2023-01-13
Lindsey Jimenez,Finance,2023-01-13
Steven Mcgee,Engineering,2023-01-13
Sarah Vargas,Marketing,2023-01-13
Steven Adams,Engineering,2023-01-13
Austin Wheeler,Engineering,2023-01-13
Dominic Johnson,Sales,2023-01-13
Karen Boyer,Marketing,2023-01-13
Richard Austin,Finance,2023-01-13
Stephanie Hall MD,Marketing,2023-01-13
Brittany Ray,Sales,2023-01-13
Mary Peters,Sales,2023-01-13
Troy Williams,Marketing,2023-01-13
Andrew Hayden,Finance,2023-01-13
Bryan Sandoval,HR,2023-01-13
Shawn Stevens MD,IT,2023-01-13
Lisa Trevino,IT,2023-01-13
Samuel Martinez,IT,2023-01-13
Diane Davis,HR,2023-01-13
Barry Hill,IT,2023-01-13
Robert Jones,Sales,2023-01-13
David Patton,Operations,2023-01-13
Margaret Smith,Engineering,2023-01-13
Tamara Crawford DDS,Operations,2023-01-13
Michael Kramer,HR,2023-01-13
Daniel Day,Sales,2023-01-13
Corey Simmons,Engineering,2023-01-13
Clayton Norman,Finance,2023-01-13
Jessica Davidson,Sales,2023-01-13
Candace Simpson,Marketing,2023-01-13
Rachel Garcia,IT,2023-01-13
Erin Taylor,Operations,2023-01-13
Jeffrey Pineda,HR,2023-01-13
Emily Werner,IT,2023-01-13
Sandra Kelly,IT,2023-01-13
April Hardin,HR,2023-01-13
Edward Anderson,Marketing,2023-01-13
Danielle Anderson,Finance,2023-01-13
Sandra Lee,Sales,2023-01-13
Tracy Rivers,Finance,2023-01-13
Kathleen Irwin,IT,2023-01-13
Jessica Diaz,IT,2023-01-13
Jacob Potts,Engineering,2023-01-13
John Rasmussen,Operations,2023-01-13
Emily Cline,Operations,2023-01-13
Benjamin Burton,Operations,2023-01-13
Ms. Melissa Jones MD,Operations,2023-01-13
Julia Erickson,Engineering,2023-01-13
Brian Walker,HR,2023-01-13
Jessica Estrada,Operations,2023-01-13
Sarah Stark,Operations,2023-01-13
Misty Page,Finance,2023-01-13
Shannon Cook,Finance,2023-01-13
Elizabeth Burns,IT,2023-01-13
Debbie Patterson,HR,2023-01-13
Cassandra Brown,Engineering,2023-01-13
Taylor Ray,HR,2023-01-13
Wendy Gonzales,HR,2023-01-13
Mathew Bass,Finance,2023-01-13
Adrienne Newman,Engineering,2023-01-13
Stephen Scott,HR,2023-01-13
Michael Hall,Finance,2023-01-13
Charles Carr,IT,2023-01-13
Juan Johnston,IT,2023-01-13
Evelyn Vargas,Engineering,2023-01-13
Traci Hampton,Engineering,2023-01-13
James Trujillo,Marketing,2023-01-13
Latoya Green,Operations,2023-01-13
Amanda Porter,HR,2023-01-13
Kenneth Schmidt,IT,2023-01-13
John Wells,Marketing,2023-01-13
Sarah Brown,HR,2023-01-13
Devin Russo,Engineering,2023-01-13
Catherine Taylor,Sales,2023-01-13
Sarah Smith,Operations,2023-01-13
John Perez,Marketing,2023-01-13
Thomas Anderson,Sales,2023-01-13
Emily Adams,IT,2023-01-13
Arthur Sutton,IT,2023-01-13
Susan Webster,Engineering,2023-01-13
Michelle Jackson,Operations,2023-01-13
Kristie Graham,Engineering,2023-01-13
Scott Morales Jr.,IT,2023-01-13
Michelle Fuller,Marketing,2023-01-13
Jacob Nash,IT,2023-01-13
Brian Walker,IT,2023-01-13
Ashley Jackson,Marketing,2023-01-13
Austin Smith,Sales,2023-01-13
Wanda Bartlett,Marketing,2023-01-13
Brittany Wolf,HR,2023-01-13
Holly Perez,Engineering,2023-01-13
Laurie Conley,Operations,2023-01-13
Matthew Cox,Engineering,2023-01-13
Brianna Salas,HR,2023-01-13
Miranda Melton,Engineering,2023-01-13
William Williams,Sales,2023-01-13
Nicholas Doyle,HR,2023-01-13
Peter Snyder,Operations,2023-01-13
Lindsey Thompson,IT,2023-01-13
Michael Adams,Sales,2023-01-13
Kimberly Baker,Sales,2023-01-13
David Dean,Sales,2023-01-13
Jessica Kennedy,Operations,2023-01-13
Thomas Holland,Sales,2023-01-13
Kyle Brown,IT,2023-01-13
Paige Ross,Operations,2023-01-13
Rachel Duran,IT,2023-01-13
Michael May,Finance,2023-01-13
Stephen Griffith,Finance,2023-01-13
David Davis,Finance,2023-01-13
Priscilla Rogers,Finance,2023-01-13
Jennifer Young,Marketing,2023-01-13
Mrs. Bethany Lawson MD,Sales,2023-01-13
Emily Dixon,Operations,2023-01-13
Michael Cummings,Operations,2023-01-13
Alicia Randolph DDS,Sales,2023-01-13
Barbara Thompson,HR,2023-01-13
Mrs. Julie Clements,Operations,2023-01-13
Kayla Curtis,Engineering,2023-01-13
Marie Henderson,IT,2023-01-13
Henry Weaver,Marketing,2023-01-13
Mark Johnson,HR,2023-01-13
Sean Green,HR,2023-01-13
Charles Wu,Sales,2023-01-13
William Evans,Engineering,2023-01-13
John Johnson,HR,2023-01-13
Angela Austin,Engineering,2023-01-13
Tara Barnes,HR,2023-01-13
Adam Franco,IT,2023-01-13
Martin Palmer,IT,2023-01-13
Jon Vargas MD,Finance,2023-01-13
Kerry Franco,Operations,2023-01-13
Lisa Burke,Operations,2023-01-13
Jamie Smith,Sales,2023-01-13
Taylor Good,IT,2023-01-13
Amanda Gross,Sales,2023-01-13
Heather Pierce,Engineering,2023-01-13
Jacob Melendez,Engineering,2023-01-13
Tara Sims,Sales,2023-01-13
Nicole Thompson,Sales,2023-01-13
Chad Williams,Finance,2023-01-13
Douglas Garcia,HR,2023-01-13
Rebecca Whitehead,Engineering,2023-01-13
Charles Peterson,HR,2023-01-13
Amber Garcia,HR,2023-01-13
Heidi Johnson,Engineering,2023-01-13
Thomas Hurley,IT,2023-01-13
Kayla Andrews,HR,2023-01-13
Jeremiah Porter,HR,2023-01-13
Timothy Allen,IT,2023-01-13
Erik Anderson,Operations,2023-01-13
Nicholas Martin,Engineering,2023-01-13
April Johnson,Marketing,2023-01-13
Dakota Barnes,Marketing,2023-01-13
Lisa Edwards,Sales,2023-01-13
Jaime Bridges,Operations,2023-01-13
Kyle Krause,Operations,2023-01-13
John Stewart,Finance,2023-01-13
Ronald Walsh,Operations,2023-01-13
Jeffrey Key,Operations,2023-01-13
Chad Douglas,Engineering,2023-01-13
Angela Vega,Operations,2023-01-13
Abigail Stephenson,IT,2023-01-13
Christian Davidson,Sales,2023-01-13
Michelle Morales,Sales,2023-01-13
Dr. Loretta Cantu,Finance,2023-01-13
Aaron Holloway,Engineering,2023-01-13
Sean Hernandez,Finance,2023-01-13
Jerry Alvarez,Marketing,2023-01-13
Samantha Ramirez,HR,2023-01-13
Ashley Wade,HR,2023-01-13
Mike Stark,Marketing,2023-01-13
Gordon Schwartz,Sales,2023-01-13
Kelsey Evans,Sales,2023-01-13
David Lee,Operations,2023-01-13
Sylvia Griffith,HR,2023-01-13
Grace Jordan,Operations,2023-01-13
Deborah Alvarez,Marketing,2023-01-13
Patrick Chapman,Marketing,2023-01-13
Kimberly Alvarado,IT,2023-01-13
Jill Freeman,HR,2023-01-13
Derrick Norman,IT,2023-01-13
Micheal Davis,IT,2023-01-13
Amber Bryant,HR,2023-01-13
Kevin Mueller,Marketing,2023-01-13
Nicole Brown,Marketing,2023-01-13
Dr. Amy Huff,Operations,2023-01-13
Scott Weber,HR,2023-01-13
Amy Nielsen,Operations,2023-01-13
Kathleen Carey,Finance,2023-01-13
Tanya Morales,Finance,2023-01-13
Jesse Thomas,Finance,2023-01-13
Jerry Bailey,Operations,2023-01-13
Kimberly Fisher,Operations,2023-01-13
Michelle Nichols,Operations,2023-01-13
Dylan Hernandez,Finance,2023-01-13
Joshua Patterson,Operations,2023-01-13
Tiffany Hall,Engineering,2023-01-13
Cameron Dunn,Finance,2023-01-13
Ronald Knight,Marketing,2023-01-13
Fernando Sheppard,Marketing,2023-01-13
Steven Williams,Operations,2023-01-13
Terri Thompson,Sales,2023-01-13
Michael Smith,IT,2023-01-13
Nicole Miranda,Finance,2023-01-13
Robert Pope,IT,2023-01-13
Eric Fritz,Finance,2023-01-13
Lisa Anderson,IT,2023-01-13
Holly Ward,Finance,2023-01-13
Heather Graves,Marketing,2023-01-13
Kyle Davis,Operations,2023-01-13
Dillon Price,Engineering,2023-01-13
Tonya Gomez,Operations,2023-01-13
Beth Snyder,HR,2023-01-13
Michele Lara,Sales,2023-01-13
Sarah Anderson,Operations,2023-01-13
Donald Wang,Engineering,2023-01-13
Amy Rhodes,Operations,2023-01-13
Jermaine Graham,Operations,2023-01-13
William Lewis,Operations,2023-01-13
Maria Mitchell,Finance,2023-01-13
Stephen Smith,HR,2023-01-13
Rebecca Lane,Engineering,2023-01-13
Joy Lewis,Engineering,2023-01-13
James Smith,Engineering,2023-01-13
Robert Morgan,Marketing,2023-01-13
Carlos Brown,IT,2023-01-13
Rebecca Zamora,Finance,2023-01-13
Patrick White,HR,2023-01-13
Steven Murray,Operations,2023-01-13
Melody Watson,Engineering,2023-01-13
Brian Mitchell,HR,2023-01-13
Jose Washington,HR,2023-01-13
Nancy Foster,Finance,2023-01-13
Scott Lopez,IT,2023-01-13
Bruce Bond,Marketing,2023-01-13
Lisa Russell,HR,2023-01-13
Timothy Cruz,IT,2023-01-13
Cynthia Lawson,Sales,2023-01-13
Linda Navarro,Marketing,2023-01-14
Michael Luna,Engineering,2023-01-14
Richard Silva,Engineering,2023-01-14
Susan Banks,Marketing,2023-01-14
Kristina Whitaker,Engineering,2023-01-14
Dr. Isaiah Ortega,Engineering,2023-01-14
Ian Kim,Finance,2023-01-14
Melissa Clark,Operations,2023-01-14
Katherine Stevens,Marketing,2023-01-14
Jennifer Carter,Marketing,2023-01-14
Ariel Garrett,HR,2023-01-14
Richard Hammond,Operations,2023-01-14
Donald Patel,Operations,2023-01-14
Kathryn Jackson,Engineering,2023-01-14
Lisa Larson,Marketing,2023-01-14
Kathleen Holt,IT,2023-01-14
Jonathan Wilson,HR,2023-01-14
Michael Jimenez,Operations,2023-01-14
Andrea Henry,IT,2023-01-14
Christopher Jackson,Finance,2023-01-14
Aaron Francis,Marketing,2023-01-14
Angela Briggs,Finance,2023-01-14
Jessica Smith,Operations,2023-01-14
Jessica Smith,Marketing,2023-01-14
Benjamin Torres,IT,2023-01-14
Stephanie Hernandez,IT,2023-01-14
Brooke Lynch,HR,2023-01-14
Courtney Collins MD,Operations,2023-01-14
Jennifer Barrett,HR,2023-01-14
Raymond Stewart,Operations,2023-01-14
Brett Chavez,Engineering,2023-01-14
Mariah Delgado,Operations,2023-01-14
Anna Johnson,Marketing,2023-01-14
Joanna Baker,HR,2023-01-14
Wayne Hernandez,Engineering,2023-01-14
David Lester,HR,2023-01-14
Jonathan Johnson,Engineering,2023-01-14
James Ward,HR,2023-01-14
Michelle Petersen,Engineering,2023-01-14
Michael Dodson,Operations,2023-01-14
Matthew James,Engineering,2023-01-14
John Young,Sales,2023-01-14
Paul Frazier,Sales,2023-01-14
Kimberly Carey,Marketing,2023-01-14
Jason Velasquez,HR,2023-01-14
Jonathan Perez,Engineering,2023-01-14
Paul Mays,IT,2023-01-14
George Thomas,Finance,2023-01-14
Roger Curry PhD,Engineering,2023-01-14
Michelle Rodriguez,Operations,2023-01-14
Jessica Walker,Sales,2023-01-14
Lori Dawson,Finance,2023-01-14
Maria Garza,Finance,2023-01-14
Rachel Perez,Engineering,2023-01-14
Gerald Hines,IT,2023-01-14
Cheryl Underwood,Operations,2023-01-14
Jesse Munoz,Sales,2023-01-14
Jonathan Hatfield,Marketing,2023-01-14
Vincent Hutchinson,Marketing,2023-01-14
James Myers,Engineering,2023-01-14
Timothy Nelson,IT,2023-01-14
Carlos Cook,HR,2023-01-14
Stuart Hernandez,Engineering,2023-01-14
Yolanda Padilla,IT,2023-01-14
Kevin Stone,Finance,2023-01-14
Kelsey Richardson,HR,2023-01-14
Deborah Richmond,Engineering,2023-01-14
Brandon Page,Operations,2023-01-14
Lori Hardy DDS,Marketing,2023-01-14
Kaitlin Peterson,Marketing,2023-01-14
Logan Lewis,Finance,2023-01-14
Derrick Riddle,Sales,2023-01-14
Mrs. Stephanie Lutz MD,Operations,2023-01-14
Melissa Jacobs,Operations,2023-01-14
Elizabeth Martin,Operations,2023-01-14
Christina Daniel,Finance,2023-01-14
Renee Adams,Sales,2023-01-14
Joshua Moore,IT,2023-01-14
Edward Acevedo,Finance,2023-01-14
Nicole Eaton,IT,2023-01-14
Amanda Graham,Sales,2023-01-14
Samuel Crosby,IT,2023-01-14
Anna Ramirez,Operations,2023-01-14
Mike Jones,IT,2023-01-14
Brady Hunter,IT,2023-01-14
Mindy Berry,Sales,2023-01-14
Brian Brown,HR,2023-01-14
Christopher Jones,Finance,2023-01-14
Sarah Knox,Operations,2023-01-14
Christopher Robinson,Sales,2023-01-14
Dana Contreras,Sales,2023-01-14
Elizabeth Jones,Marketing,2023-01-14
Patricia Boyer,Operations,2023-01-14
Susan Watson,Finance,2023-01-14
Chelsea Rice,Operations,2023-01-14
Katherine Rice,HR,2023-01-14
Lisa Moore,Finance,2023-01-14
Lisa Mcintosh,Operations,2023-01-14
Kenneth Guzman,IT,2023-01-14
Rebecca Elliott,Engineering,2023-01-14
Holly Velazquez,HR,2023-01-14
Brian Grimes,Sales,2023-01-14
Juan Perry,Sales,2023-01-14
Scott Watkins,Operations,2023-01-14
Chad Zhang,HR,2023-01-14
Brian Garcia,Marketing,2023-01-14
Bruce Bruce,Marketing,2023-01-14
Kayla Morrow,Engineering,2023-01-14
Dr. Jason Brown MD,Engineering,2023-01-14
Kelly Haynes,Sales,2023-01-14
David Johnson,Engineering,2023-01-14
Justin Hendricks,Marketing,2023-01-14
Emily Ward,Engineering,2023-01-14
Angel Galvan,Marketing,2023-01-14
Laura Smith,IT,2023-01-14
Joanna Rodriguez,Sales,2023-01-14
Robert Walton,Finance,2023-01-14
Sarah Ray,Marketing,2023-01-14
Alexa Lindsey,Operations,2023-01-14
Richard Fletcher,Sales,2023-01-14
James Kim,IT,2023-01-14
Maria Barrett,Operations,2023-01-14
John Bell,Operations,2023-01-14
Daniel Jones,Sales,2023-01-14
Grant Thompson,Engineering,2023-01-14
Jasmine Williams,Sales,2023-01-14
Eric Simpson,Sales,2023-01-14
Bruce Maldonado,Engineering,2023-01-14
Kent Cunningham,IT,2023-01-14
Andrew Garcia,HR,2023-01-14
Heather Sherman,Sales,2023-01-14
Jamie Sandoval,HR,2023-01-14
Catherine Boyd,Sales,2023-01-14
Ashley Moore,Engineering,2023-01-14
Matthew Robinson,Sales,2023-01-14
Jessica Joyce,Finance,2023-01-14
Matthew Hill,HR,2023-01-14
Wesley Alexander,Finance,2023-01-14
Daniel Pena,Operations,2023-01-14
Alicia Hodge,Marketing,2023-01-14
Connor Allen,Finance,2023-01-14
Phyllis Porter,Sales,2023-01-14
Virginia Smith,Finance,2023-01-14
Daniel Le,Sales,2023-01-14
Darrell Valentine,HR,2023-01-14
Karen Green,Finance,2023-01-14
Jacob Long,Finance,2023-01-14
Sandra Hill,Sales,2023-01-14
Alisha Anderson,IT,2023-01-14
Kaitlin Williams,IT,2023-01-14
Jessica Jones,Operations,2023-01-14
Scott Roy,Sales,2023-01-14
Joyce Ramos,IT,2023-01-14
Charles Ford,Marketing,2023-01-14
Stephen Velasquez,Operations,2023-01-14
James Williams,HR,2023-01-14
Tamara Robinson,IT,2023-01-14
Erin Jones,Finance,2023-01-14
Tammy Johnson,Operations,2023-01-14
Mary Hamilton,Marketing,2023-01-14
Shannon Young,Sales,2023-01-14
Kara Orozco,Sales,2023-01-14
Brittany Hull,Sales,2023-01-14
Sergio Day,Operations,2023-01-14
Stephanie Chavez,HR,2023-01-14
Jacqueline Smith,HR,2023-01-14
Matthew Herrera,Finance,2023-01-14
Ryan Howard,Sales,2023-01-14
Summer Luna,Finance,2023-01-14
Kyle Moss,Marketing,2023-01-14
David Medina,IT,2023-01-14
Benjamin Bruce,HR,2023-01-14
John Rollins,Finance,2023-01-14
Kathleen Bird,HR,2023-01-14
Christopher Jones,Marketing,2023-01-14
Chelsea Mathis,HR,2023-01-14
David Walker,IT,2023-01-14
Steven Perez,Sales,2023-01-14
Harry Spears,Engineering,2023-01-14
William Jimenez,Sales,2023-01-14
Adam Ferguson,Sales,2023-01-14
Jacqueline Nguyen,Finance,2023-01-14
Dakota Velasquez,Sales,2023-01-14
Matthew Serrano,Operations,2023-01-14
Stacy Rodriguez,Operations,2023-01-14
Elizabeth Lee,Finance,2023-01-14
Alexandra Zimmerman,Marketing,2023-01-14
Erin Larson,Finance,2023-01-14
Shawn Chapman,IT,2023-01-14
Albert Dean,Sales,2023-01-14
Laura Parks,IT,2023-01-14
Destiny Boyer,HR,2023-01-14
Amanda Wilson,IT,2023-01-14
Kenneth Potts,Finance,2023-01-14
Joseph Brown,Operations,2023-01-14
Carol Sandoval,HR,2023-01-14
Zachary West,Sales,2023-01-14
Dennis West,Operations,2023-01-14
Justin Washington,Sales,2023-01-14
Patrick Gillespie,Operations,2023-01-14
Steven Evans,Sales,2023-01-14
Chad King,IT,2023-01-14
Megan Mcgee,Operations,2023-01-14
Ronald Mullins,IT,2023-01-14
Craig Williams,Engineering,2023-01-14
Kimberly Townsend,HR,2023-01-14
Ryan Patel,Operations,2023-01-14
Sierra Richardson,Operations,2023-01-14
Priscilla Shaw,Engineering,2023-01-14
Michelle Brooks,HR,2023-01-14
Anthony Cooper,Finance,2023-01-14
Christine Jordan,HR,2023-01-14
Jillian Knight,Sales,2023-01-14
Thomas Novak,Engineering,2023-01-14
Dr. Gina Hernandez,Engineering,2023-01-14
Samantha Garcia,Marketing,2023-01-14
Julie King,Marketing,2023-01-14
Victoria Mcfarland,Finance,2023-01-14
Jackie Young,Sales,2023-01-14
Deanna Ortiz,Finance,2023-01-14
Krystal Valdez,Marketing,2023-01-14
Joseph Brown,Finance,2023-01-14
Derek Colon,Sales,2023-01-14
Debra Ortiz MD,Finance,2023-01-14
Erica Wise,Engineering,2023-01-14
Carolyn Rose,Finance,2023-01-14
Tony Cooper,Finance,2023-01-14
Randy Barnett,HR,2023-01-14
Adam Santos,Operations,2023-01-14
Sharon Mills,Finance,2023-01-14
Brian Miller,IT,2023-01-14
Janice Haas,Operations,2023-01-14
George Harrison,IT,2023-01-14
Larry Smith,HR,2023-01-14
Kenneth Mcmillan,Sales,2023-01-14
Stephanie Campbell,Engineering,2023-01-14
Benjamin Bradley,IT,2023-01-14
Lori Rice,Finance,2023-01-14
Andrew Turner,Engineering,2023-01-14
Kathleen Wood,Finance,2023-01-14
John Greene,Operations,2023-01-14
Nathan Moreno,Finance,2023-01-14
Matthew Beck,IT,2023-01-14
Debbie Peterson,Marketing,2023-01-14
Austin Whitney,Sales,2023-01-14
Todd Buchanan,Operations,2023-01-14
Michael Sullivan,Engineering,2023-01-14
Erica Rogers,Finance,2023-01-14
Ian Serrano,Sales,2023-01-14
Melissa Clark,IT,2023-01-14
Nicholas Macdonald,Sales,2023-01-14
Michael Bartlett,Operations,2023-01-14
Amber Drake,IT,2023-01-14
Justin Cox,Operations,2023-01-14
Matthew Mcguire,IT,2023-01-14
Gregg Campbell,Operations,2023-01-14
Juan Fowler,IT,2023-01-14
Timothy Dickson,Marketing,2023-01-14
Donna Cain,HR,2023-01-14
Rachel Jensen,Operations,2023-01-14
Jillian Clark,Finance,2023-01-14
Chad Watkins,Marketing,2023-01-14
Michele Jones,IT,2023-01-14
John Jackson,Sales,2023-01-14
Brian Navarro,Operations,2023-01-14
Tamara Wright,HR,2023-01-14
Tami Guerrero,Marketing,2023-01-14
Bryce Hernandez,Engineering,2023-01-15
Michelle Kim,HR,2023-01-15
Katelyn Reilly,Marketing,2023-01-15
Randy Jones,IT,2023-01-15
Joseph House,Marketing,2023-01-15
Kevin Campbell,IT,2023-01-15
James Lowe,IT,2023-01-15
Pamela Morales,Operations,2023-01-15
Tammy Baldwin,Engineering,2023-01-15
John Lang,Sales,2023-01-15
Justin Dennis,Finance,2023-01-15
Matthew Curtis,Sales,2023-01-15
Jacob Mcbride,HR,2023-01-15
Heidi Nguyen,IT,2023-01-15
Kevin Jones,Engineering,2023-01-15
Marissa Rice,HR,2023-01-15
Lauren Wade,Engineering,2023-01-15
Roger Stevens,IT,2023-01-15
Laura Braun,Operations,2023-01-15
Patrick Robinson,Finance,2023-01-15
Jessica Combs,Finance,2023-01-15
Shannon Atkinson,Marketing,2023-01-15
Samantha Smith,Sales,2023-01-15
Pamela Potter,Engineering,2023-01-15
Cody Davidson,Finance,2023-01-15
Adam Jones,Operations,2023-01-15
James Murray,Operations,2023-01-15
Deanna Fields,Finance,2023-01-15
Johnny Schmitt,Operations,2023-01-15
Rebecca Rowland,Sales,2023-01-15
Lindsay Morton,Engineering,2023-01-15
Caitlyn Ingram,Finance,2023-01-15
Angela Vega,Sales,2023-01-15
Cindy Martinez,HR,2023-01-15
Michael Reeves,HR,2023-01-15
John Romero,Engineering,2023-01-15
Michael Brown,Engineering,2023-01-15
Shannon Ross,HR,2023-01-15
Heather Charles,HR,2023-01-15
Stephanie Adams,Sales,2023-01-15
Randall Williams,Operations,2023-01-15
Christopher Griffin,Engineering,2023-01-15
Mark Gordon PhD,Sales,2023-01-15
Donald Mack,IT,2023-01-15
Julie Manning,Operations,2023-01-15
Lisa Williams,Engineering,2023-01-15
Ashley Lopez,Finance,2023-01-15
Kimberly Jimenez,Sales,2023-01-15
Amber Myers,Engineering,2023-01-15
Manuel Carrillo,Sales,2023-01-15
Timothy Bates,HR,2023-01-15
Patricia Ellis,Operations,2023-01-15
Dawn Duncan,Sales,2023-01-15
Charles Anderson,Sales,2023-01-15
Kelly Brown,IT,2023-01-15
Mr. Kevin Nelson,Engineering,2023-01-15
Kelly Powers,HR,2023-01-15
Jeffrey Nguyen,HR,2023-01-15
Marc Crawford,Sales,2023-01-15
Kendra Singh,Operations,2023-01-15
Alfred Campbell,Marketing,2023-01-15
Donald Crawford,HR,2023-01-15
Drew Gay,Sales,2023-01-15
Diana Dougherty,Engineering,2023-01-15
Robert Cooley,HR,2023-01-15
Amber Allen,Operations,2023-01-15
Jennifer Cook,Marketing,2023-01-15
Crystal Thompson,Sales,2023-01-15
Sarah Kelly,HR,2023-01-15
Susan Turner,Marketing,2023-01-15
Amanda Smith,Sales,2023-01-15
Travis Stevens,Marketing,2023-01-15
Lisa Walsh,Engineering,2023-01-15
Victoria Jimenez,Marketing,2023-01-15
Deanna Evans,Finance,2023-01-15
Matthew Hill,HR,2023-01-15
Cindy Kelly,Engineering,2023-01-15
Dennis Davidson,IT,2023-01-15
Alan Brown,HR,2023-01-15
Pamela Jenkins,IT,2023-01-15
Megan Harris,Finance,2023-01-15
Vanessa Barry,IT,2023-01-15
Stephen Robinson,Engineering,2023-01-15
Michael Murray,Sales,2023-01-15
Ashley Frazier,Marketing,2023-01-15
Jesus Williams,Sales,2023-01-15
Bobby Johnson,Engineering,2023-01-15
Anthony Taylor,IT,2023-01-15
Michelle Gutierrez,Operations,2023-01-15
Megan Dudley,Operations,2023-01-15
Stephen Frey,Finance,2023-01-15
Shannon Stewart,Sales,2023-01-15
Charles Osborn,Marketing,2023-01-15
Maria Phelps,Sales,2023-01-15
Dr. Cynthia Johnson,Engineering,2023-01-15
Taylor Franklin,IT,2023-01-15
Michael Johnson,HR,2023-01-15
Eric Mcclain,IT,2023-01-15
Sheryl Johnson,IT,2023-01-15
David Potter,Marketing,2023-01-15
Dawn Woods,Operations,2023-01-15
Jamie Davis,Operations,2023-01-15
Trevor Bird,IT,2023-01-15
James Dawson,HR,2023-01-15
Sheila Hensley,Operations,2023-01-15
Justin Harper,HR,2023-01-15
Megan Butler,IT,2023-01-15
Olivia Richards,Finance,2023-01-15
Tony Miller,Sales,2023-01-15
Christopher Reynolds,Operations,2023-01-15
John Wilkins,Engineering,2023-01-15
Dawn Kim,Sales,2023-01-15
Courtney Ramirez,Operations,2023-01-15
Margaret Weber,Sales,2023-01-15
Derek Haynes,Engineering,2023-01-15
Jessica Lane,Finance,2023-01-15
David Holloway,HR,2023-01-15
Jessica Duke,IT,2023-01-15
Annette Galloway,Finance,2023-01-15
Jerry Manning,Engineering,2023-01-15
Amanda Weber,HR,2023-01-15
Samantha Walker,Sales,2023-01-15
Stephanie Lopez,Engineering,2023-01-15
Crystal Johnson,IT,2023-01-15
Christian Cohen,Operations,2023-01-15
Lydia Aguilar,Marketing,2023-01-15
Katherine Hoffman,HR,2023-01-15
John Nguyen,Operations,2023-01-15
Marcus Alvarez,IT,2023-01-15
Karen Gonzalez,Engineering,2023-01-15
Chad Scott,Sales,2023-01-15
Cynthia Chavez,Finance,2023-01-15
Haley Sandoval,HR,2023-01-15
Alex Jones,Finance,2023-01-15
Leslie Schultz,Sales,2023-01-15
Sara Hill,Finance,2023-01-15
Diane Anderson,Engineering,2023-01-15
Tammy Clark,Marketing,2023-01-15
Eric Jones,Finance,2023-01-15
Christine Moon,Marketing,2023-01-15
Scott Andrews,Sales,2023-01-15
Nathan Flores,Engineering,2023-01-15
Jamie Martinez,Marketing,2023-01-15
Angela Bell,Sales,2023-01-15
Christopher Michael,IT,2023-01-15
James Jackson,HR,2023-01-15
Jessica Livingston,Sales,2023-01-15
Carl Ryan,IT,2023-01-15
Michael Acosta,Engineering,2023-01-15
William Ellis,Operations,2023-01-15
Christine Johnson,HR,2023-01-15
Lori Salinas,HR,2023-01-15
Karen Cook,Sales,2023-01-15
David Moreno,HR,2023-01-15
Danielle Weiss,Operations,2023-01-15
Brian Barber,Operations,2023-01-15
Kristy Costa,Sales,2023-01-15
Craig Alvarado,Sales,2023-01-15
Michael Wiggins,HR,2023-01-15
Connie Ortiz,HR,2023-01-15
Meredith White,IT,2023-01-15
Kevin Owens,Operations,2023-01-15
Adam Ramirez,IT,2023-01-15
Michael Tucker,Sales,2023-01-15
Bridget Carson,IT,2023-01-15
Amy Miller,Engineering,2023-01-15
Kayla Torres,Engineering,2023-01-15
Dr. Theresa Simpson,IT,2023-01-15
Elizabeth Fleming,Finance,2023-01-15
Francis Robbins,Engineering,2023-01-15
Tyler Hill,IT,2023-01-15
Jesus Rivers,Operations,2023-01-15
Sean Graham,Finance,2023-01-15
Sandra Salazar,IT,2023-01-15
Ryan Robinson,HR,2023-01-15
Robert Curry,HR,2023-01-15
Steven Webster,Operations,2023-01-15
William Cox,HR,2023-01-15
Jacob Wu,IT,2023-01-15
Alan Thomas,Operations,2023-01-15
Amber Giles,Engineering,2023-01-15
Kelsey Carson,Engineering,2023-01-15
Stephanie Garcia,HR,2023-01-15
Virginia Evans,Marketing,2023-01-15
Adam Roberts,Finance,2023-01-15
Andres Parker,IT,2023-01-15
Casey Hernandez,Engineering,2023-01-15
Sarah Garcia,HR,2023-01-15
Paul Li,Sales,2023-01-15
Wendy Irwin,Sales,2023-01-15
Molly Lopez,Finance,2023-01-15
Jenna Torres,Operations,2023-01-15
Karen Chan,IT,2023-01-15
Joseph Lawson,HR,2023-01-15
David Adkins,Finance,2023-01-15
Ryan Landry,Marketing,2023-01-15
Jordan Cannon,Engineering,2023-01-15
Jamie Carr,Sales,2023-01-15
Nicholas Vazquez,Marketing,2023-01-15
Brian Johnson,Marketing,2023-01-15
Gary Heath,HR,2023-01-15
Jessica Mooney,HR,2023-01-15
Alec Wood,HR,2023-01-15
Elizabeth Watson,HR,2023-01-15
Andrew Marshall,Marketing,2023-01-15
Joyce Fisher,Sales,2023-01-15
John Peterson,Marketing,2023-01-15
Karen Johnston,Marketing,2023-01-15
Russell Riley,Engineering,2023-01-15
Jessica Jones,HR,2023-01-15
Jamie Parks,Sales,2023-01-15
Brian Johnson,IT,2023-01-15
Jessica Clark,Finance,2023-01-15
Charles King,IT,2023-01-15
John Hickman,Operations,2023-01-15
Robert Evans,Finance,2023-01-15
Jennifer Moody,IT,2023-01-15
Tiffany Vargas,Sales,2023-01-15
Tiffany Hebert,HR,2023-01-15
Nathaniel Nunez,HR,2023-01-15
Jason Stone,Sales,2023-01-15
Samuel Campbell,Marketing,2023-01-15
Debbie Franklin,Operations,2023-01-15
Patricia Hines,IT,2023-01-15
James Gutierrez,HR,2023-01-15
Teresa Ruiz,IT,2023-01-15
Michael Wilson,IT,2023-01-15
Brian White,Finance,2023-01-15
Jacqueline Reed,Finance,2023-01-15
Matthew Wallace,HR,2023-01-15
Gwendolyn Martinez,Marketing,2023-01-15
Joshua Valentine,Sales,2023-01-15
Melissa Davies,Operations,2023-01-15
Randy Grimes,Engineering,2023-01-15
Marc Banks,HR,2023-01-15
Kelly Baker,Finance,2023-01-16
Mary Nelson,Sales,2023-01-16
Isabella Ritter,HR,2023-01-16
Jeremy Briggs,Sales,2023-01-16
Riley Tucker,IT,2023-01-16
Alexandra Marshall,HR,2023-01-16
Jeffrey Porter,Marketing,2023-01-16
Jennifer Ross,Marketing,2023-01-16
Amanda Griffin,Operations,2023-01-16
Keith Chandler,IT,2023-01-16
Steven Cunningham,Finance,2023-01-16
Christopher Davis,Sales,2023-01-16
Eric Madden,Finance,2023-01-16
Dana Wood,IT,2023-01-16
Gabrielle Lee,Finance,2023-01-16
Kathy Le,Operations,2023-01-16
Jerry Porter,HR,2023-01-16
Daniel Martinez,Marketing,2023-01-16
Brandon Wilson,Sales,2023-01-16
Timothy Meadows,Operations,2023-01-16
Caitlyn Turner,HR,2023-01-16
Cameron Hawkins,Operations,2023-01-16
Nicholas Hernandez Jr.,Finance,2023-01-16
Dominic Cantu,Operations,2023-01-16
Lucas Warner,IT,2023-01-16
Jodi Hayes,HR,2023-01-16
Harry Wells,HR,2023-01-16
Ashley Scott,Engineering,2023-01-16
Michelle Drake,Engineering,2023-01-16
Katherine Fuller,Finance,2023-01-16
Richard Henderson,HR,2023-01-16
Brittany Wagner,Sales,2023-01-16
Jacqueline Alvarez,Engineering,2023-01-16
Devin Cole,HR,2023-01-16
Sarah Armstrong,Sales,2023-01-16
Joe Bentley,Marketing,2023-01-16
Kari Williams,Marketing,2023-01-16
Rebecca Hunter,HR,2023-01-16
Michael Wells,Marketing,2023-01-16
Melinda Robinson,Sales,2023-01-16
Amanda Jackson,Finance,2023-01-16
Zachary Morris,HR,2023-01-16
Scott Rosales,HR,2023-01-16
Cassandra Lyons,HR,2023-01-16
Dr. Mark Lopez,Operations,2023-01-16
Christopher Carlson,Finance,2023-01-16
Matthew Martin,Finance,2023-01-16
Trevor Hart,Operations,2023-01-16
Cindy Nguyen,Finance,2023-01-16
Mark Leach,Engineering,2023-01-16
Holly Charles,Finance,2023-01-16
Michael Rivera,Engineering,2023-01-16
Sean Norman,Finance,2023-01-16
James Torres,Finance,2023-01-16
Kylie Carpenter,Finance,2023-01-16
Kathy Reed,Engineering,2023-01-16
Mary Jackson,HR,2023-01-16
Elizabeth Black,Finance,2023-01-16
Monica Key,Finance,2023-01-16
Jimmy Smith,Marketing,2023-01-16
Desiree Hines,HR,2023-01-16
Stephanie Vaughn,Marketing,2023-01-16
Lindsey Hines,Finance,2023-01-16
Tyler Torres,HR,2023-01-16
Laura Bond,HR,2023-01-16
Luke Garcia,Operations,2023-01-16
John Morrow,Operations,2023-01-16
Michelle Smith,HR,2023-01-16
Shirley Barton,Operations,2023-01-16
Katie King,Finance,2023-01-16
David Murray,Marketing,2023-01-16
Mrs. Christina Richardson,HR,2023-01-16
James Suarez,Finance,2023-01-16
Amy Davis,IT,2023-01-16
Amy Davis,Sales,2023-01-16
Scott Perez,Operations,2023-01-16
Chris Wells,Sales,2023-01-16
Kimberly Robbins,Sales,2023-01-16
Kenneth White,HR,2023-01-16
Barry Cruz,Operations,2023-01-16
Jessica Maldonado,Engineering,2023-01-16
Joel Cunningham,IT,2023-01-16
Lisa Robertson,Engineering,2023-01-16
Janet Garner,HR,2023-01-16
Mr. Douglas Rodgers II,Sales,2023-01-16
Mary Ramos,Sales,2023-01-16
Natasha Ruiz,Marketing,2023-01-16
Brandi Campbell,Operations,2023-01-16
Amanda Rivera,IT,2023-01-16
Steven Moore,Marketing,2023-01-16
Tara Taylor MD,Finance,2023-01-16
Brittany Taylor,IT,2023-01-16
Robert Jackson,IT,2023-01-16
Gregory King,Finance,2023-01-16
Keith Johnson,Engineering,2023-01-16
Jennifer Sandoval,Operations,2023-01-16
Paige Fleming,Operations,2023-01-16
Brooke Jordan,HR,2023-01-16
Mitchell Powell,Marketing,2023-01-16
Michael Delgado DVM,HR,2023-01-16
John Monroe,IT,2023-01-16
Jessica Hutchinson,Operations,2023-01-16
Ryan Mcfarland,Marketing,2023-01-16
Catherine Martin,Finance,2023-01-16
Timothy Wagner,IT,2023-01-16
Douglas Williams,Sales,2023-01-16
Michelle Johnson,HR,2023-01-16
Samuel Pittman,HR,2023-01-16
Franklin Carter,Engineering,2023-01-16
Gary Martin,Finance,2023-01-16
Jerry Cooper,Finance,2023-01-16
Marcus Barber,Marketing,2023-01-16
Alexis Hernandez,Finance,2023-01-16
Christopher Miller,Finance,2023-01-16
Nicole Spencer,Sales,2023-01-16
Robert Webb,Engineering,2023-01-16
Gregory Park,IT,2023-01-16
Jeff Parker,HR,2023-01-16
Alison Adams,Sales,2023-01-16
Dawn Mendoza,Operations,2023-01-16
Matthew Warren,Engineering,2023-01-16
Laura Bailey,Engineering,2023-01-16
Patricia Allen,Engineering,2023-01-16
Scott Barnes,HR,2023-01-16
Karen Martin,Engineering,2023-01-16
Jennifer May,Engineering,2023-01-16
Joshua Payne,Sales,2023-01-16
Bailey Smith,Engineering,2023-01-16
Stephanie Smith,HR,2023-01-16
Kevin Willis MD,Sales,2023-01-16
Jose James,HR,2023-01-16
John Howell,IT,2023-01-16
Angela Cruz,Finance,2023-01-16
Kevin Pierce MD,HR,2023-01-16
Andrew Mccoy,Operations,2023-01-16
Andrew Weaver,IT,2023-01-16
Geoffrey Gibson,Sales,2023-01-16
Patricia James,Sales,2023-01-16
Lisa Carpenter,IT,2023-01-16
Melissa Jones,Engineering,2023-01-16
Gregory Harvey,Operations,2023-01-16
Calvin Allen,Marketing,2023-01-16
Jennifer Barnes,HR,2023-01-16
Michael Young IV,Sales,2023-01-16
Gabrielle Villa,Operations,2023-01-16
Makayla Wallace,HR,2023-01-16
James Jones,Marketing,2023-01-16
Kelly Williams,Engineering,2023-01-16
Susan Smith,Marketing,2023-01-16
Eric Deleon,Sales,2023-01-16
Jeremiah Stephens,HR,2023-01-16
Vanessa Marshall,HR,2023-01-16
Sarah West,Marketing,2023-01-16
Laura Rowland,HR,2023-01-16
Kimberly Petersen,Operations,2023-01-16
Allison Sanchez,Engineering,2023-01-16
Samantha Nguyen,IT,2023-01-16
Ms. Aimee Boyd,IT,2023-01-16
Tony Miller,Operations,2023-01-16
John Schultz,IT,2023-01-16
Walter Davis,Sales,2023-01-16
Joanna David,Engineering,2023-01-16
Erika Ball,IT,2023-01-16
Dr. Colleen Lopez,HR,2023-01-16
Courtney Morrison,Engineering,2023-01-16
Joshua King,IT,2023-01-16
Anna Miles,Finance,2023-01-16
Christy Carney,Engineering,2023-01-16
Emily Rogers,IT,2023-01-16
Russell Simon,Operations,2023-01-16
Jessica Shepherd,Sales,2023-01-16
Lisa Smith,HR,2023-01-16
Dana Macias,Engineering,2023-01-16
Leslie Koch,IT,2023-01-16
Kristin Solis,Sales,2023-01-16
Roger Preston,HR,2023-01-16
Edward Johnson,Finance,2023-01-16
Kimberly Wiggins,Engineering,2023-01-16
Brandy Mcintosh,IT,2023-01-16
Paul Valdez,Operations,2023-01-16
Scott Knight,Finance,2023-01-16
Heather Robertson,Operations,2023-01-16
Michael Richardson,Operations,2023-01-16
Nancy Mitchell,HR,2023-01-16
Morgan Henderson,IT,2023-01-16
Manuel Wood,Operations,2023-01-16
Mrs. Rebecca Benton,Operations,2023-01-16
Heather Hooper,HR,2023-01-16
Colin Kline,Sales,2023-01-16
Dr. Christina Morris,Operations,2023-01-16
Jonathan Green,HR,2023-01-16
Anthony Hart,Finance,2023-01-16
Lori Mccormick,Marketing,2023-01-16
Todd Perez,Engineering,2023-01-16
Dennis Jarvis,Operations,2023-01-16
Holly Wilson,Marketing,2023-01-16
Oscar Gray,Marketing,2023-01-16
Keith Brown,IT,2023-01-16
Mark Rodriguez,HR,2023-01-16
Christina Howell,Sales,2023-01-16
Garrett Martin,Sales,2023-01-16
Dale White,Operations,2023-01-16
Elaine Thomas,HR,2023-01-16
Tracey Mitchell,Finance,2023-01-16
Phillip Foster,Operations,2023-01-16
Felicia Anderson,HR,2023-01-16
Ronnie Keller,Finance,2023-01-16
Angela Roberts,Finance,2023-01-16
James Parsons MD,IT,2023-01-16
Melissa Ward,Engineering,2023-01-16
Jeffrey Grant,Finance,2023-01-16
Makayla Forbes,Operations,2023-01-16
Sandra Baker,Finance,2023-01-16
Bryan Ward,HR,2023-01-16
Allen Welch,Finance,2023-01-16
Kevin Mckinney,Sales,2023-01-16
Beth Juarez,IT,2023-01-16
Angel Jones,Engineering,2023-01-16
David Banks,Marketing,2023-01-16
Eric Frye,Finance,2023-01-16
Patty Lee,Engineering,2023-01-16
Debra Gibson,Sales,2023-01-16
Stephanie Bell,Finance,2023-01-16
Keith Moore,Marketing,2023-01-16
Anthony Robinson,Finance,2023-01-16
Brittney Austin,Sales,2023-01-16
Jason Stevens,Engineering,2023-01-16
Isaac Wu,HR,2023-01-16
Eduardo Thomas,Sales,2023-01-16
Jennifer Morales,Marketing,2023-01-16
Aaron Evans,Engineering,2023-01-16
Dylan Baker,Finance,2023-01-16
Steven Evans,Finance,2023-01-16
Anna Park,Sales,2023-01-16
Jocelyn Montgomery,Engineering,2023-01-16
Shawn Marshall,IT,2023-01-16
Christopher Vargas,IT,2023-01-16
Donna Watson,HR,2023-01-16
Michael Flowers,IT,2023-01-16
Susan Peterson,Sales,2023-01-16
Shelby Ibarra,Sales,2023-01-16
Mary Jackson,Operations,2023-01-16
Jill Ramirez,Engineering,2023-01-16
Lori Kane,Operations,2023-01-16
Brianna Willis,Finance,2023-01-16
Lucas Martin,HR,2023-01-16
Daniel Campbell,Sales,2023-01-16
Timothy Carpenter,Engineering,2023-01-16
Dan Daniel,Sales,2023-01-16
Christopher Taylor,Finance,2023-01-16
Erica Cline,Sales,2023-01-16
Christopher Johnson,Operations,2023-01-16
Jessica Hall,Sales,2023-01-16
Katherine Pace,Sales,2023-01-16
Terri Ruiz,Sales,2023-01-16
Thomas Buck,Marketing,2023-01-16
Ricky Adams,Sales,2023-01-16
Audrey Alexander,Sales,2023-01-17
Stephen Guzman,Finance,2023-01-17
Erin Roberts,IT,2023-01-17
Erika Wilson,HR,2023-01-17
Richard Murray,Operations,2023-01-17
Randy Smith,Operations,2023-01-17
Andre Browning,Operations,2023-01-17
Tami Kennedy,Finance,2023-01-17
Charles Landry,Sales,2023-01-17
Joshua Hancock,Sales,2023-01-17
Natasha Barnett,Operations,2023-01-17
Joshua Navarro,Sales,2023-01-17
Nancy Smith,Operations,2023-01-17
Bernard Bolton,IT,2023-01-17
Heather Chavez,Operations,2023-01-17
Brian Jones,Sales,2023-01-17
Joan Craig,Sales,2023-01-17
Travis Chavez,HR,2023-01-17
Caitlyn Frazier,Sales,2023-01-17
Mrs. Amy Velez,IT,2023-01-17
Dr. Stephanie Powers,Finance,2023-01-17
Sandra Rivera,HR,2023-01-17
Brian Johnson,Finance,2023-01-17
Denise Hill,IT,2023-01-17
Tracy Walker,Marketing,2023-01-17
Amber Gardner,Sales,2023-01-17
Megan Contreras,HR,2023-01-17
Karen Johnson,Sales,2023-01-17
Joanna Cox,Finance,2023-01-17
Carolyn Taylor,IT,2023-01-17
Yolanda Miller,HR,2023-01-17
Kevin Smith,Finance,2023-01-17
Sydney Johnson,Finance,2023-01-17
Ruben Nguyen,Marketing,2023-01-17
Michelle Becker DVM,Operations,2023-01-17
Jeffrey Cunningham,Operations,2023-01-17
Diane Chaney,Engineering,2023-01-17
Brian Novak,Sales,2023-01-17
Jamie Reynolds Jr.,Marketing,2023-01-17
Jason Jones,Engineering,2023-01-17
Ryan Gregory,HR,2023-01-17
Keith Henry,IT,2023-01-17
Craig Rivera,HR,2023-01-17
Seth Howard,Finance,2023-01-17
Jessica Barnes,Engineering,2023-01-17
Nicole Jackson,Engineering,2023-01-17
Denise Robertson,Marketing,2023-01-17
Daniel Christensen,Engineering,2023-01-17
Stephen Patel,HR,2023-01-17
Susan Jones,Marketing,2023-01-17
Robin Tucker,Sales,2023-01-17
Stephen Vasquez,Sales,2023-01-17
Eric Larsen,HR,2023-01-17
Joshua Reed,Marketing,2023-01-17
Justin Thomas,IT,2023-01-17
Jacob Osborn,Sales,2023-01-17
Amber Zhang,Marketing,2023-01-17
Jeremy Stevenson,HR,2023-01-17
Holly Stewart,Sales,2023-01-17
Travis Morris,IT,2023-01-17
Joe Holmes,Sales,2023-01-17
Craig Ortiz,Operations,2023-01-17
William Bailey,Sales,2023-01-17
Judy Smith,Finance,2023-01-17
Douglas Johnson,Operations,2023-01-17
Margaret Wolf,HR,2023-01-17
Carl Glenn,Operations,2023-01-17
Cynthia Stevens,Operations,2023-01-17
Claire Taylor,IT,2023-01-17
Lisa Boyle,Engineering,2023-01-17
Emily Smith,HR,2023-01-17
Mrs. Brittney Johnson,Operations,2023-01-17
Daniel Adkins,Marketing,2023-01-17
Theresa Murphy,Sales,2023-01-17
Julie Cochran,IT,2023-01-17
Michelle Pittman,IT,2023-01-17
Jonathan Anthony,Engineering,2023-01-17
Christopher Thomas,Finance,2023-01-17
William Francis MD,IT,2023-01-17
Shelby Clark,Operations,2023-01-17
Andrew Barker,Sales,2023-01-17
Elizabeth Patel,Sales,2023-01-17
Eileen Levine,Sales,2023-01-17
Patricia Joseph,Engineering,2023-01-17
Joyce West,Marketing,2023-01-17
Adam Briggs,Finance,2023-01-17
Robert Reese,Engineering,2023-01-17
David Mosley,HR,2023-01-17
Eric Colon,Engineering,2023-01-17
Madison Cameron,Sales,2023-01-17
Rhonda Riley,Finance,2023-01-17
Sierra Hall,IT,2023-01-17
Cindy Burns,Operations,2023-01-17
Colleen Cabrera,Finance,2023-01-17
Susan Ross,Marketing,2023-01-17
Donald Hernandez,Finance,2023-01-17
Wendy Malone,Marketing,2023-01-17
Karen Pearson,Engineering,2023-01-17
Becky Kim,Marketing,2023-01-17
Virginia Lopez,HR,2023-01-17
James Berger,IT,2023-01-17
Melissa Parker,Sales,2023-01-17
Brenda Peterson,Engineering,2023-01-17
Evelyn Chen,IT,2023-01-17
Christopher White,Engineering,2023-01-17
Shane Perry,HR,2023-01-17
David Ramos,IT,2023-01-17
Jamie Banks,Engineering,2023-01-17
Jeremy Hampton,Engineering,2023-01-17
Caitlin Beltran,Finance,2023-01-17
Kimberly Tucker,HR,2023-01-17
Nathan Brewer,Marketing,2023-01-17
Tracey Gallagher,IT,2023-01-17
Maria Nixon,Marketing,2023-01-17
Michael Jennings,Finance,2023-01-17
Ann Morrow,Finance,2023-01-17
Nancy Aguirre,Sales,2023-01-17
Matthew Hartman,HR,2023-01-17
Theresa Hall,Finance,2023-01-17
Jeff Cole,Sales,2023-01-17
Melissa Irwin,Sales,2023-01-17
Samantha Smith,Finance,2023-01-17
Sarah Page,Engineering,2023-01-17
Craig Butler,Marketing,2023-01-17
Kimberly Brown,Sales,2023-01-17
Patrick Hutchinson,Engineering,2023-01-17
Joshua Scott,Sales,2023-01-17
Holly Beasley,Marketing,2023-01-17
Matthew Williams,Operations,2023-01-17
Virginia Fox,HR,2023-01-17
Angela Brown,Engineering,2023-01-17
Lisa Hernandez,Finance,2023-01-17
George Spencer,IT,2023-01-17
Nicole Hernandez,Sales,2023-01-17
Brandon Oconnor,Operations,2023-01-17
Phyllis Salinas,Finance,2023-01-17
Anthony Santiago,Engineering,2023-01-17
Christopher Davis,Marketing,2023-01-17
Paul Smith,Engineering,2023-01-17
Justin Dickson,Engineering,2023-01-17
Nathan Gutierrez,Engineering,2023-01-17
Sheila Townsend,Engineering,2023-01-17
Jonathan Smith,Marketing,2023-01-17
Cassandra Matthews,Marketing,2023-01-17
Manuel Landry,Engineering,2023-01-17
Austin Graham,Engineering,2023-01-17
Toni Brown,IT,2023-01-17
Patrick Herrera,HR,2023-01-17
Ronnie Black,Sales,2023-01-17
Brett Jackson,IT,2023-01-17
Heidi Howell,Operations,2023-01-17
Rebecca Barber,HR,2023-01-17
Chelsea Lee,Sales,2023-01-17
Laura Patrick,IT,2023-01-17
Jason Rivas,Sales,2023-01-17
Mrs. Cynthia Taylor,Operations,2023-01-17
James Patton MD,Operations,2023-01-17
Lauren Mueller,IT,2023-01-17
Joseph Berry,Marketing,2023-01-17
Yesenia Ross,Finance,2023-01-17
Benjamin Gomez,IT,2023-01-17
Alyssa Barnett,HR,2023-01-17
Jessica Martin,Operations,2023-01-17
Diana Bowman,Operations,2023-01-17
Cole Pierce,Sales,2023-01-17
Gerald Ruiz,Engineering,2023-01-17
Robert Melton,Operations,2023-01-17
Kristen Rodriguez,IT,2023-01-17
Alexandra Nguyen,IT,2023-01-17
Rachel Webb,Finance,2023-01-17
Patrick Decker,Sales,2023-01-17
Mrs. Cindy Watson,Marketing,2023-01-17
Jennifer Briggs,HR,2023-01-17
Monica Williams,Finance,2023-01-17
Michele Burns,IT,2023-01-17
Jasmine Howe,Sales,2023-01-17
Madison Perry,Finance,2023-01-17
Connie Ferguson,Finance,2023-01-17
Timothy Harris,IT,2023-01-17
Joann Williams,Sales,2023-01-17
Dawn George,HR,2023-01-17
Janice Schultz,Finance,2023-01-17
Heather Nixon,IT,2023-01-17
Michael Bell,Sales,2023-01-17
James Bailey,Marketing,2023-01-17
Tyler Hines,IT,2023-01-17
Jack James,Operations,2023-01-17
Courtney Avila,Marketing,2023-01-17
Kathryn Houston,Sales,2023-01-17
William Jones,Marketing,2023-01-17
Carrie Berry,IT,2023-01-17
Daniel Holt,HR,2023-01-17
Tina Harvey,IT,2023-01-17
Stephanie Romero,HR,2023-01-17
Kevin Dixon,HR,2023-01-17
John Gardner,Finance,2023-01-17
Eric Wright,Engineering,2023-01-17
Brian Luna,Sales,2023-01-17
Thomas Brown,Sales,2023-01-17
Mrs. Sarah Williams MD,Marketing,2023-01-17
Kimberly Scott,Engineering,2023-01-17
Cindy Baldwin,Finance,2023-01-17
Ronald Fields PhD,Finance,2023-01-17
Debbie Ayala,Finance,2023-01-17
Joshua Melendez,Operations,2023-01-17
Curtis Sanford,Marketing,2023-01-17
April Nichols,IT,2023-01-17
Raymond Bailey,HR,2023-01-17
Steven Lawson,HR,2023-01-17
Eric Wagner,Sales,2023-01-17
Adrian Berger,Finance,2023-01-17
Keith Hernandez,IT,2023-01-17
Sherry Phillips,Marketing,2023-01-17
Kim Moore,Sales,2023-01-17
Matthew Palmer,Marketing,2023-01-17
Tony Brown,Marketing,2023-01-17
Michael Shaw,Operations,2023-01-17
Lisa Marshall,Sales,2023-01-17
Roberto Larson,Sales,2023-01-17
Carrie Wagner,Sales,2023-01-17
Chris Walker,Operations,2023-01-17
Jacob Smith,HR,2023-01-17
Grant Harrison,Finance,2023-01-17
Evan Carter,HR,2023-01-17
Deborah Montgomery,Operations,2023-01-17
Shirley Ortiz,Marketing,2023-01-17
Brianna Warner,Finance,2023-01-17
Ashley Walker,HR,2023-01-17
Elizabeth Smith,Marketing,2023-01-17
Regina Crosby,Operations,2023-01-17
Brittany Wallace,Operations,2023-01-17
Michael Cardenas,HR,2023-01-17
Nathan Benton,Marketing,2023-01-17
Robert Rodriguez,Marketing,2023-01-17
Barry Butler,Engineering,2023-01-17
Jessica Johnson,Sales,2023-01-17
Veronica Perry,HR,2023-01-17
Sara Jones,HR,2023-01-17
Jeffrey Smith,Finance,2023-01-17
Justin Keller,Sales,2023-01-17
Luis Dixon,HR,2023-01-17
Katie Vaughan,IT,2023-01-17
Paige Robertson,Finance,2023-01-17
Paul Castillo,Sales,2023-01-17
Joshua Horton,Engineering,2023-01-17
Lynn Galloway,Finance,2023-01-17
Rachel Neal,Marketing,2023-01-17
Kyle Garcia,Sales,2023-01-17
Thomas Blair,Sales,2023-01-17
Matthew Johnson,Sales,2023-01-17
Gabrielle Jackson,HR,2023-01-17
Derek Davis,Finance,2023-01-17
Raymond Smith,HR,2023-01-18
Megan Gutierrez,IT,2023-01-18
Alejandro Burton III,Sales,2023-01-18
Ashley Hall,HR,2023-01-18
Danielle Miller,Sales,2023-01-18
James Murphy,IT,2023-01-18
Terri Lin,Engineering,2023-01-18
Rachel Valenzuela,HR,2023-01-18
Renee Coleman,Sales,2023-01-18
Bryan Wells,Marketing,2023-01-18
Christina Oliver,Operations,2023-01-18
Tracy Flores,Finance,2023-01-18
Micheal Nguyen,IT,2023-01-18
Jennifer Hill,HR,2023-01-18
Heather Jacobs,Marketing,2023-01-18
Jennifer Hill,Operations,2023-01-18
Megan Chavez,IT,2023-01-18
Michael Wilson,Sales,2023-01-18
Michael Jones,Finance,2023-01-18
Christopher Ramirez,HR,2023-01-18
Dennis Silva,IT,2023-01-18
Kevin Miller,Engineering,2023-01-18
Matthew Davis,Operations,2023-01-18
Katrina Soto,Engineering,2023-01-18
David Ho,Engineering,2023-01-18
Joshua Fernandez,Sales,2023-01-18
Kevin Hess,IT,2023-01-18
Alicia Hanson,IT,2023-01-18
Pamela Allen,Engineering,2023-01-18
Ronald Mendoza,Finance,2023-01-18
Jeffrey Wilson,Engineering,2023-01-18
Alexander Peck,HR,2023-01-18
Sarah White,Sales,2023-01-18
Brian Cross,Sales,2023-01-18
Amy Hines,HR,2023-01-18
Tyrone May,Engineering,2023-01-18
Diana Rodriguez,HR,2023-01-18
Alexandra Flores,Marketing,2023-01-18
Clayton Stanley,Marketing,2023-01-18
Heather Sellers,HR,2023-01-18
Jeffrey Drake,Engineering,2023-01-18
Sara Smith,Operations,2023-01-18
Jonathan Davis,IT,2023-01-18
Christopher Black,Operations,2023-01-18
Tonya Cabrera,Marketing,2023-01-18
Victor Jackson,Engineering,2023-01-18
Lindsey Webb,IT,2023-01-18
Sheri Kramer,Engineering,2023-01-18
Penny Lyons,Sales,2023-01-18
Tanya Wang,Marketing,2023-01-18
Jacob Newman,Finance,2023-01-18
Hannah Bowman,IT,2023-01-18
Kimberly Sawyer,Sales,2023-01-18
Michael Butler,Sales,2023-01-18
Anthony Schultz,Marketing,2023-01-18
Tyler West,HR,2023-01-18
Miss Brittany Robinson,Finance,2023-01-18
Sherry Johnson,HR,2023-01-18
Brandon Ruiz,Engineering,2023-01-18
Stephanie Dyer,Engineering,2023-01-18
Laura Gordon,Operations,2023-01-18
Ivan Larson,HR,2023-01-18
Kyle Jones,IT,2023-01-18
Jeffrey Hunt,Finance,2023-01-18
Brianna Hart,Marketing,2023-01-18
Laura Stewart,Marketing,2023-01-18
Jason Thomas,HR,2023-01-18
Nicole Johnson,Engineering,2023-01-18
Matthew Maxwell,Engineering,2023-01-18
Christine Green,Sales,2023-01-18
Sharon Roberts,HR,2023-01-18
Cynthia Berry,Finance,2023-01-18
Jason Adams,Engineering,2023-01-18
Troy Blevins,IT,2023-01-18
Kristin Reyes,Sales,2023-01-18
Mario Daniels,Marketing,2023-01-18
Melanie Cannon DVM,IT,2023-01-18
Robert Blackburn,HR,2023-01-18
Brittany Jones,Sales,2023-01-18
Sophia Huber,Marketing,2023-01-18
Valerie Howard,Sales,2023-01-18
Lauren Fisher,Sales,2023-01-18
Jesse King,Finance,2023-01-18
Timothy Bailey,HR,2023-01-18
Denise Nolan,Finance,2023-01-18
Kevin Baker,IT,2023-01-18
Christina Dominguez,Marketing,2023-01-18
Joe Shaw,Sales,2023-01-18
Sherri Williams,HR,2023-01-18
Denise Phillips,Finance,2023-01-18
Zachary Hunt,HR,2023-01-18
Natalie Gordon,Sales,2023-01-18
Johnny Lee,Finance,2023-01-18
Jennifer Allen,Sales,2023-01-18
Dana Gonzalez,Engineering,2023-01-18
Michael Nelson,IT,2023-01-18
John Chen,Finance,2023-01-18
Erik Richard,Engineering,2023-01-18
Meagan Williams,Marketing,2023-01-18
Gregory Mckinney,Engineering,2023-01-18
William Castaneda,Finance,2023-01-18
Thomas Dawson,Engineering,2023-01-18
David James,Operations,2023-01-18
Betty Miller,IT,2023-01-18
Jason Williams,Operations,2023-01-18
Joanna Rodriguez,Finance,2023-01-18
John Ramirez,IT,2023-01-18
Rodney Krueger,Finance,2023-01-18
Wesley Ware,Marketing,2023-01-18
Thomas Christensen,IT,2023-01-18
Debbie Silva,IT,2023-01-18
Michelle Baker,Engineering,2023-01-18
Jerry Perez,IT,2023-01-18
Andrew Cortez,Finance,2023-01-18
Ronald Gillespie,Finance,2023-01-18
Andrew Wright,HR,2023-01-18
Larry Waters,Sales,2023-01-18
Jonathan Mcpherson,IT,2023-01-18
William Hall,HR,2023-01-18
Stephanie Williams,Finance,2023-01-18
Deborah Tucker,Operations,2023-01-18
Brandon Thomas,Engineering,2023-01-18
Mr. Aaron Young,Sales,2023-01-18
Judith Adams,Operations,2023-01-18
Derrick Miller,Engineering,2023-01-18
Tracey Chase,Marketing,2023-01-18
Lisa Jordan,Marketing,2023-01-18
Michele Nelson,Sales,2023-01-18
Patrick Stewart,Marketing,2023-01-18
Louis Lopez,IT,2023-01-18
Jonathan Caldwell,Finance,2023-01-18
Barbara Gilmore,HR,2023-01-18
John Price,Sales,2023-01-18
Jamie Stewart,Marketing,2023-01-18
Margaret Clements,HR,2023-01-18
Richard Hall,Engineering,2023-01-18
Jennifer Patel,Marketing,2023-01-18
Patricia Dyer,Finance,2023-01-18
Ronald Andrade,Engineering,2023-01-18
Marcus Conrad,Operations,2023-01-18
Ashley Walker,Sales,2023-01-18
Molly Duarte,Sales,2023-01-18
Samuel Hernandez,Sales,2023-01-18
Hunter Foster,HR,2023-01-18
Rhonda Bryant,Marketing,2023-01-18
Kelly James,Operations,2023-01-18
Heather Freeman,Engineering,2023-01-18
Taylor Long,Finance,2023-01-18
Jeanette Reynolds,Engineering,2023-01-18
Jeffrey Drake,Engineering,2023-01-18
Brian Hunter,Marketing,2023-01-18
Sara Gutierrez,HR,2023-01-18
Robert Perez,Finance,2023-01-18
Lindsey Harris,IT,2023-01-18
Brianna Green,HR,2023-01-18
Andrew Fowler,Marketing,2023-01-18
Madison Wright,IT,2023-01-18
Michaela Velez,IT,2023-01-18
Jeremiah Mcbride,Operations,2023-01-18
Dustin Wilkinson,IT,2023-01-18
Amy Nguyen,Sales,2023-01-18
Terry Kirk,Operations,2023-01-18
Randy Smith,Engineering,2023-01-18
Tiffany Randolph,Finance,2023-01-18
Jordan Espinoza,Finance,2023-01-18
Theresa Tucker,IT,2023-01-18
Matthew Newton,Operations,2023-01-18
Ronald Brown,Sales,2023-01-18
Jay Roberson,HR,2023-01-18
Virginia Reyes,Finance,2023-01-18
Andrew Hopkins,IT,2023-01-18
Yolanda Stewart,Sales,2023-01-18
Mrs. Holly Ward,Operations,2023-01-18
Sharon Herrera,Operations,2023-01-18
Steven Gonzalez,Sales,2023-01-18
Kari Sanchez,HR,2023-01-18
Samantha Stevens,Marketing,2023-01-18
Joann Carey,Finance,2023-01-18
Julie Holden,Sales,2023-01-18
Kristin Crane,Operations,2023-01-18
Christopher Davis,Operations,2023-01-18
Devin Wilkerson,Engineering,2023-01-18
Dr. Danielle Robinson,IT,2023-01-18
Carmen Thomas,Engineering,2023-01-18
Steven Hubbard,Finance,2023-01-18
Mary Bell,Sales,2023-01-18
Jessica White,HR,2023-01-18
Allen Zamora,IT,2023-01-18
Michelle Holden,IT,2023-01-18
Abigail Mejia,HR,2023-01-18
Kevin Chambers,Operations,2023-01-18
Howard Doyle,Engineering,2023-01-18
Brandon Johnson,Engineering,2023-01-18
Brandon Tyler,Sales,2023-01-18
Joe Gordon,HR,2023-01-18
Susan Rowe,Finance,2023-01-18
Juan Gray,Finance,2023-01-18
John Romero,IT,2023-01-18
Andrew Hernandez,Operations,2023-01-18
Tracy Flores,Engineering,2023-01-18
Daniel King,Engineering,2023-01-18
Jill Pearson,Finance,2023-01-18
Jill Davis,HR,2023-01-18
Jeremiah Reid,Engineering,2023-01-18
Nathan Bush,Sales,2023-01-18
Tracey Hancock,IT,2023-01-18
Lucas Jones,IT,2023-01-18
Albert Allen,IT,2023-01-18
Deborah Arias,Marketing,2023-01-18
Briana James,Finance,2023-01-18
Robert Flores,HR,2023-01-18
Tony Thomas,Finance,2023-01-18
Miranda Gonzalez,Marketing,2023-01-18
Jason Flores,Finance,2023-01-18
Mark Barnett,Finance,2023-01-18
Charles Jordan,Marketing,2023-01-18
Jason Martin,Finance,2023-01-18
Heather Melendez,Engineering,2023-01-18
Jessica Nichols,Sales,2023-01-18
Benjamin Erickson,IT,2023-01-18
Angela Franklin,Sales,2023-01-18
Mark Burton,Engineering,2023-01-18
Kevin Fowler,Sales,2023-01-18
Laura Blake,Marketing,2023-01-18
Destiny Wright,HR,2023-01-18
Allison Dillon,Sales,2023-01-18
Keith Davis,HR,2023-01-18
Bethany Park,Marketing,2023-01-18
Christopher Johnson,Engineering,2023-01-18
Amy Robles,Finance,2023-01-18
Dan Cole,Marketing,2023-01-18
David Clarke,Finance,2023-01-18
Stephen Church,HR,2023-01-18
Sarah Hernandez,Engineering,2023-01-18
James Peck,HR,2023-01-18
Suzanne Ramirez,Sales,2023-01-18
Bobby Liu,HR,2023-01-18
Sarah Smith,IT,2023-01-18
Whitney Davis,Engineering,2023-01-18
Brittany Martinez,Finance,2023-01-18
Jessica Phillips,IT,2023-01-18
Jose Warren,Sales,2023-01-18
Mr. Daniel Wood Jr.,Sales,2023-01-18
Lauren Hodge,HR,2023-01-18
Jennifer Scott,Marketing,2023-01-18
Brooke Sutton,Finance,2023-01-18
Carlos Arnold,HR,2023-01-18
Mr. Martin Watkins,HR,2023-01-18
Rebecca Gutierrez,IT,2023-01-18
Danielle Wallace,IT,2023-01-18
Diana Jones,Engineering,2023-01-18
Fernando Daniel,Sales,2023-01-18
Robert Davila,IT,2023-01-18
Caleb Hunt,Finance,2023-01-18
Morgan Bush,Sales,2023-01-18
Sarah Gregory,Operations,2023-01-18
Robert Jimenez,Engineering,2023-01-19
Gary Perez,IT,2023-01-19
Nicole Gonzales,Engineering,2023-01-19
Tara Tran,Sales,2023-01-19
Cathy Gray,IT,2023-01-19
Amber Casey,Sales,2023-01-19
Nicole Day,Marketing,2023-01-19
Edward Zimmerman,Marketing,2023-01-19
Robert Lee,Sales,2023-01-19
Paula Rose,IT,2023-01-19
Courtney Avila,Marketing,2023-01-19
Ashley Calderon,Finance,2023-01-19
Marc Petty,Operations,2023-01-19
Cameron Robinson,Operations,2023-01-19
Kenneth Huffman,Operations,2023-01-19
Eric Thornton,Marketing,2023-01-19
Jessica Young,Operations,2023-01-19
Danielle Smith,Finance,2023-01-19
Nathan Alexander,IT,2023-01-19
Jennifer Smith,Operations,2023-01-19
Kristine Bailey,HR,2023-01-19
Alicia Choi,Sales,2023-01-19
Robert Nelson,HR,2023-01-19
Ashley Bolton,Operations,2023-01-19
Victoria Burgess,Sales,2023-01-19
Brendan Evans DDS,Operations,2023-01-19
Lori Russell,Engineering,2023-01-19
Michelle Coleman,Operations,2023-01-19
Lori Jackson,Marketing,2023-01-19
Ronald Brown,Engineering,2023-01-19
Jesse Jones,Marketing,2023-01-19
Mario Heath,Sales,2023-01-19
Casey Herring,Operations,2023-01-19
Blake Castillo,Sales,2023-01-19
Mitchell Tran,Engineering,2023-01-19
Douglas Moore,Operations,2023-01-19
Patricia Bridges,Finance,2023-01-19
William Smith,Finance,2023-01-19
Nancy Lopez,Finance,2023-01-19
Ashley Green,Operations,2023-01-19
Victor Allen,Engineering,2023-01-19
Kevin Phelps,IT,2023-01-19
Roger Campbell,Marketing,2023-01-19
Bryan Ross,Marketing,2023-01-19
Meredith Williams,Sales,2023-01-19
Richard Bright,HR,2023-01-19
Thomas Taylor,Operations,2023-01-19
Dr. Maria Lee,Sales,2023-01-19
Amy Davis,Operations,2023-01-19
Mr. Brian Doyle,Marketing,2023-01-19
Amanda Taylor,IT,2023-01-19
Peter Griffin,IT,2023-01-19
Kevin Woods,Finance,2023-01-19
Ronnie Price,Finance,2023-01-19
Jessica Hurst,Sales,2023-01-19
Melissa Shields,Marketing,2023-01-19
Tina Harris,HR,2023-01-19
Suzanne Campos,IT,2023-01-19
Anthony Mitchell,Operations,2023-01-19
Darius Moore,HR,2023-01-19
Alison Nelson,Marketing,2023-01-19
Heidi Haney,HR,2023-01-19
Timothy Reyes,Finance,2023-01-19
Christopher Hamilton,Sales,2023-01-19
Robert Dean,Marketing,2023-01-19
Jennifer Wright,Operations,2023-01-19
Jasmine Pineda,Engineering,2023-01-19
Benjamin Proctor,HR,2023-01-19
Brett Montgomery,Sales,2023-01-19
Michael Stokes,IT,2023-01-19
Colleen Kirk,Operations,2023-01-19
Rodney Green,Engineering,2023-01-19
Michael Williams,IT,2023-01-19
Crystal Gregory,Marketing,2023-01-19
Michelle Tucker,Engineering,2023-01-19
Amy Garcia,Marketing,2023-01-19
Tyler Weaver,Finance,2023-01-19
David Crane,Sales,2023-01-19
Pamela Reed,Finance,2023-01-19
Daniel Reynolds,Engineering,2023-01-19
Brandy Hancock,IT,2023-01-19
Austin Robinson,Finance,2023-01-19
Rebecca Thompson,HR,2023-01-19
Tiffany Serrano,HR,2023-01-19
Cynthia Webb,Finance,2023-01-19
Amber Campbell,HR,2023-01-19
Tara Brewer,IT,2023-01-19
Sierra Powell,HR,2023-01-19
Donna Liu,Operations,2023-01-19
Mary Mahoney,Operations,2023-01-19
Mr. Henry Price,Engineering,2023-01-19
Timothy Chase,HR,2023-01-19
Michael Mahoney,Operations,2023-01-19
Lee Trujillo,IT,2023-01-19
Sean Mccarthy,HR,2023-01-19
Rachel Wright,Finance,2023-01-19
Rodney Caldwell,Marketing,2023-01-19
Randall Gonzales,Marketing,2023-01-19
Jodi Fisher,Operations,2023-01-19
Christopher Curtis,IT,2023-01-19
Michelle Goodwin,Engineering,2023-01-19
Jeffrey Buck,IT,2023-01-19
Randall Jones,HR,2023-01-19
Micheal Reed,Engineering,2023-01-19
Amanda Baird,Operations,2023-01-19
Charles Walton,Finance,2023-01-19
Lori Arnold,Engineering,2023-01-19
Austin Vargas,Engineering,2023-01-19
Andrea Gonzalez,Finance,2023-01-19
Michael Bowers,Sales,2023-01-19
Jessica Williams,IT,2023-01-19
Chase Thomas,Finance,2023-01-19
Debra Norton,Engineering,2023-01-19
Natalie Bentley,Operations,2023-01-19
Sean Roberts,HR,2023-01-19
Michael Garrett,Engineering,2023-01-19
Nicholas Herrera,Marketing,2023-01-19
Elizabeth Suarez,Finance,2023-01-19
Carol Ryan,Operations,2023-01-19
Courtney Walls,Engineering,2023-01-19
Karl Jimenez,Operations,2023-01-19
Anthony Mcgrath,Finance,2023-01-19
Alejandro Carter,Sales,2023-01-19
Brian Wall,Operations,2023-01-19
Sean Hunter,Engineering,2023-01-19
Christy Patel,Sales,2023-01-19
Valerie Nguyen,Sales,2023-01-19
Aaron Hobbs,Sales,2023-01-19
Sarah Stout,Marketing,2023-01-19
David Greer,HR,2023-01-19
Edwin Williams,Marketing,2023-01-19
Thomas Edwards,HR,2023-01-19
Leroy Flores,Engineering,2023-01-19
Robin Garcia,Marketing,2023-01-19
Charles May,HR,2023-01-19
Jacqueline Morgan,Operations,2023-01-19
Kimberly Higgins,IT,2023-01-19
Larry Hines,Operations,2023-01-19
Roy Walsh,IT,2023-01-19
Michael Ellis,IT,2023-01-19
Michael Simpson,Sales,2023-01-19
Bethany Guerra,HR,2023-01-19
Roberta Stein,Finance,2023-01-19
Tracey Walton,Finance,2023-01-19
Elizabeth James,Sales,2023-01-19
Maria Campbell,Marketing,2023-01-19
Amanda Sims,Marketing,2023-01-19
Steven Robles,IT,2023-01-19
Mary Walters,Operations,2023-01-19
Ronald Nelson,Operations,2023-01-19
Mary Mills,IT,2023-01-19
David Baker,Finance,2023-01-19
Elizabeth Morales,Marketing,2023-01-19
Carol Good,Engineering,2023-01-19
Gina Barry,Finance,2023-01-19
Cassandra Marsh,HR,2023-01-19
Jody Ballard,Sales,2023-01-19
Michael Fernandez,Marketing,2023-01-19
Debra Kerr,IT,2023-01-19
Kimberly Nelson,Marketing,2023-01-19
Amanda Fernandez,Marketing,2023-01-19
Christina Manning,Sales,2023-01-19
Mark Donaldson,IT,2023-01-19
Rachel Peck,Engineering,2023-01-19
Christopher Collier,IT,2023-01-19
Rachael Myers,HR,2023-01-19
Jessica Brennan,Engineering,2023-01-19
Todd Smith,Operations,2023-01-19
Timothy Brady,Engineering,2023-01-19
Adam Moore,Marketing,2023-01-19
Allison Simpson,HR,2023-01-19
Debbie Pena,Sales,2023-01-19
Sharon Simmons,HR,2023-01-19
Cassandra Sanders,Marketing,2023-01-19
Kevin Johnson,Operations,2023-01-19
Madison Vazquez,HR,2023-01-19
Margaret Hendrix,Finance,2023-01-19
Carl Cross,Marketing,2023-01-19
Sheila Estrada,Operations,2023-01-19
Stacy Norris,IT,2023-01-19
Jason Hammond,Marketing,2023-01-19
Crystal Stone,Sales,2023-01-19
Mark Walker,Finance,2023-01-19
John Welch,IT,2023-01-19
Cory Jensen,Sales,2023-01-19
Paul Thornton,Finance,2023-01-19
Yolanda Espinoza,Engineering,2023-01-19
Thomas Cook,Finance,2023-01-19
Sue Byrd,Sales,2023-01-19
Sabrina Bowen,Operations,2023-01-19
Dawn Rivera,Sales,2023-01-19
Laura Taylor,Engineering,2023-01-19
Bethany Garcia,Sales,2023-01-19
Jennifer Young,IT,2023-01-19
Charles Hall,Engineering,2023-01-19
Mark Acosta,Sales,2023-01-19
Bethany Graves,Sales,2023-01-19
Shawn Hernandez,IT,2023-01-19
Audrey James,IT,2023-01-19
Robert Dixon,Operations,2023-01-19
Marilyn Smith,HR,2023-01-19
Alisha Higgins,IT,2023-01-19
Linda Alvarez DDS,Finance,2023-01-19
Anita Wise,Operations,2023-01-19
Vincent Perry,HR,2023-01-19
Thomas Jones,Operations,2023-01-19
Lisa Ramos,Marketing,2023-01-19
Kyle Whitehead,HR,2023-01-19
Derek Clarke,Operations,2023-01-19
David Garcia,HR,2023-01-19
Nicole Blake,Operations,2023-01-19
Jennifer White,Finance,2023-01-19
Mark George,Sales,2023-01-19
Andrew Perry,Marketing,2023-01-19
Mrs. Stacie Clarke MD,Finance,2023-01-19
Mary Martinez,Operations,2023-01-19
Julie Mcdonald,IT,2023-01-19
Philip Goodman,HR,2023-01-19
Jessica Hall,Marketing,2023-01-19
Connor Moore,HR,2023-01-19
Danielle Doyle,Engineering,2023-01-19
Crystal Walker,Marketing,2023-01-19
Douglas Smith,IT,2023-01-19
Steven Collins,IT,2023-01-19
Karl Hardin,IT,2023-01-19
Anna Cruz,Marketing,2023-01-19
Crystal White,Sales,2023-01-19
Janice Neal,Marketing,2023-01-19
Wayne Wilkinson,IT,2023-01-19
Brittany Moore,Finance,2023-01-19
Darrell Smith,Marketing,2023-01-19
Patricia Rich,IT,2023-01-19
Amanda Gibson,HR,2023-01-19
Sydney Wise,Engineering,2023-01-19
Amber Mejia,Marketing,2023-01-19
